"","especificação","nreferencia","numero","titulo","quantidade","Sistema"
"1099","Quesado, José Clécio Basílio - O constelado Fernando Pessoa. Mestrado, 1974. PUC/RJ.","3.226",224,"Quesado, José Clécio Basílio - O constelado Fernando Pessoa.","3mf - 2 cópias","Tese"
"1100","Quintana, Flávio Augusto da Costa - Análise de emprego de mão-de-obra na agricultura de subsistência na Zona da Mata - Minas Gerais. Mestrado, 1976. Universidade Federal de Viçosa/MG.","3.227",225,"Quintana, Flávio Augusto da Costa - Análise de emprego de mão-de-obra na agricultura de subsistência na Zona da Mata - Minas Gerais.","2mf - 2 cópias","Tese"
"1101","Quiroga, Gabriel Canedo - Importância de características pessoais e sociais e de fontes de comunicação no processo de adoção de inovações em agricultura. Zona do Triângulo de Minas Gerais. Mestrado, 1972. Universidade Federal de Viçosa/MG.","3.228",226,"Quiroga, Gabriel Canedo - Importância de características pessoais e sociais e de fontes de comunicação no processo de adoção de inovações em agricultura. Zona do Triângulo de Minas Gerais.","3mf","Tese"
"1102","Ranzani, Isa Sudária Lemos - Contribuição ao diagnóstico da evasão escolar das quartas para as quintas séries em Vargem Grande do Sul (SP) nas transições de 1969/70 a 1973/74. Pós-Graduação, 1976. PUC/SP.","3.229",227,"Ranzani, Isa Sudária Lemos - Contribuição ao diagnóstico da evasão escolar das quartas para as quintas séries em Vargem Grande do Sul (SP) nas transições de 1969/70 a 1973/74.","3mf","Tese"
"1103","Raymundo, Marie Louise Hurel - Desejo e pervesão: ou Os Atalhos da Loucura (a propósito do romance A Crônica da Casa Assassinada de Lúcio Cardoso). Mestrado, 1974. PUC/RJ.","3.330",228,"Raymundo, Marie Louise Hurel - Desejo e pervesão: ou Os Atalhos da Loucura (a propósito do romance A Crônica da Casa Assassinada de Lúcio Cardoso).","4mf - 2 cópias","Tese"
"1104","Rego, José Luini da Silva - Fatores que interferem na taxa de desfrute bovino em uma microrregiãodo Estado da Bahia. Mestrado, 1975. Universidade Federal de Viçosa/MG.","3.331",229,"Rego, José Luini da Silva - Fatores que interferem na taxa de desfrute bovino em uma microrregião do Estado da Bahia.","2mf","Tese"
"1105","Resende, Paulo Edgar Almeida - Contribuição teórico-metodológica para o estudo dos padrões de integração-dominação da América Latina e suas repercussões na ALALC. Doutorado, 1975. PUC/SP.","3.332",230,"Resende, Paulo Edgar Almeida - Contribuição teórico-metodológica para o estudo dos padrões de integração-dominação da América Latina e suas repercussões na ALALC.","5mf - 2 cópias","Tese"
"1106","Rezende, José Luiz Pereira - Avaliação dos possíveis impactos econômicos da atividade reflorestamento em três municípios da Zona da Mata, Minas Gerais. Mestrado, 1975. Universidade Federal de Viçosa/MG.","3.333",233,"Rezende, José Luiz Pereira - Avaliação dos possíveis impactos econômicos da atividade reflorestamento em três municípios da Zona da Mata, Minas Gerais.","2mf","Tese"
"1107","Reyes, Luis Alberto Spezzini - Fatores pessoais e situacionais que afetam a eficiência no uso do crédito, nas empresas rurais, em duas microrregiões do Paraná. Mestrado, 1977. Universidade Federal de Viçosa/MG.","3.334",231,"Reyes, Luis Alberto Spezzini - Fatores pessoais e situacionais que afetam a eficiência no uso do crédito, nas empresas rurais, em duas microrregiões do Paraná.","2mf","Tese"
"1108","Reymão, Maria Eunice Garcia - Das atribuições formais à ocupação efetiva (como identificar a atribuição profissional do Assistente Social). Mestrado, 1975. PUC/SP.","3.335",232,"Reymão, Maria Eunice Garcia - Das atribuições formais à ocupação efetiva (como identificar a atribuição profissional do Assistente Social).","3mf","Tese"
"1109","Ribeiro, Aluisio da Costa - Padrões de estacionalidade de preços e rentabilidade na estocagem de produtos agropecuários. Mestrado, 1977. Universidade Federal de Viçosa/MG.","3.336",234,"Ribeiro, Aluisio da Costa - Padrões de estacionalidade de preços e rentabilidade na estocagem de produtos agropecuários.","2mf","Tese"
"1110","Ribeiro, Maria Luisa Santos - O método dialético na investigação histórica da educação brasileira. Mestrado, 1975. PUC/SP.","3.337",235,"Ribeiro, Maria Luisa Santos - O método dialético na investigação histórica da educação brasileira.","2mf","Tese"
"1111","Ribeiro, Sylvia Aranha de Oliveira - Em busca de uma metodologia para uma educação libertadora. Mestrado,  1977. PUC/SP.","3.338",236,"Ribeiro, Sylvia Aranha de Oliveira - Em busca de uma metodologia para uma educação libertadora.","2mf","Tese"
"1112","Rodrigues, Adyr Apparecida Balestreri - O bairro do Tanque-Atibaia (SP). Um exemplo da contribuição da colonização japonesa para a evolução do meio rural paulista. Mestrado, 1973. USP.","3.339",237,"Rodrigues, Adyr Apparecida Balestreri - O bairro do Tanque-Atibaia (SP). Um exemplo da contribuição da colonização japonesa para a evolução do meio rural paulista.","4mf - 3 cópias","Tese"
"1113","Rodrigues, Paulo Coutinho - Análise econômica de um sistema de engorda de bovinos em confinamento - RS. Pós-Graduação, 1975. UFRS.","3.340",239,"Rodrigues, Paulo Coutinho - Análise econômica de um sistema de engorda de bovinos em confinamento - RS.","2mf","Tese"
"1114","Rodrigues, Suzana Braga - Uma abordagem contingencial ao poder interdepartamental: um estudo comparativo de casos de indústrias siderúrgicas e texteis. Mestrado, 1977. UFMG.","3.341",240,"Rodrigues, Suzana Braga - Uma abordagem contingencial ao poder interdepartamental: um estudo comparativo de casos de indústrias siderúrgicas e texteis.","4mf - 2 cópias","Tese"
"1115","Romão, Maurício Eliseu Costa - Orçamentos familiares e economias de escala: uma análise empírica através de corte seccional. Mestrado, 1975. UFPE","3.342",241,"Romão, Maurício Eliseu Costa - Orçamentos familiares e economias de escala: uma análise empírica através de corte seccional.","2mf - 2 cópias","Tese"
"1116","Rosa, Hilário - A abertura histórica do médio Tietê. Mestrado, 1976. FFCL Sagrado Coração de Jesus - Bauru/SP.","3.343",242,"Rosa, Hilário - A abertura histórica do médio Tietê.","5mf - 2 cópias","Tese"
"1117","Rosa, Samira Chalub Jorge - Traços de modernidade em Pedro Kilkerry ou um modo (possível) de perceber o texto kilkerriano. Mestrado, 1975. PUC/SP.","3.344",243,"Rosa, Samira Chalub Jorge - Traços de modernidade em Pedro Kilkerry ou um modo (possível) de perceber o texto kilkerriano.","4mf","Tese"
"1118","Rosado, Carlos Alberto de Sousa - Estruturas de excedentes comercializáveis de feijão e milho no Rio Grande do Norte. Mestrado, 1977. Universidade Federal de Viçosa/MG.","3.345",244,"Rosado, Carlos Alberto de Sousa - Estruturas de excedentes comercializáveis de feijão e milho no Rio Grande do Norte.","2mf","Tese"
"1119","Roveratti, Haydee Maria - A igualdade jurídica encarada como ideologia importada e seus efeitos na sociedade classe. O caso brasileiro. Doutorado, 1974. PUC/SP.","3.346",245,"Roveratti, Haydee Maria - A igualdade jurídica encarada como ideologia importada e seus efeitos na sociedade classe. O caso brasileiro.","5mf - 2 cópias","Tese"
"1120","Sá, Olga Restum Correa de - Alguns aspectos do humor como traço de modernidade na linguagem de Sousândrade. Mestrado, 1976. UFF.","3.347",246,"Sá, Olga Restum Correa de - Alguns aspectos do humor como traço de modernidade na linguagem de Sousândrade.","2mf - 2 cópias","Tese"
"1121","Sachet, Celestino - O regionalismo literário. Mestrado, 1975. UFSC.","3.348",247,"Sachet, Celestino - O regionalismo literário.","3mf - 2 cópias","Tese"
"1122","Santos, José Evaristo dos - Contabilidade e inflação-Análise das alternativas. Uma apresentação didática. Mestrado, 1977. FGV/SP.","3.349",248,"Santos, José Evaristo dos - Contabilidade e inflação-Análise das alternativas. Uma apresentação didática.","3mf","Tese"
"1123","Santos, Lindaura Pereira dos - Uma análise da atuação do Assistente Social nas Sociedades de Amigos do Bairro - (SABs) em Campina Grande - PB. Mestrado, 1975. PUC/RJ.","3.350",249,"Santos, Lindaura Pereira dos - Uma análise da atuação do Assistente Social nas Sociedades de Amigos do Bairro - (SABs) em Campina Grande - PB.","3mf","Tese"
"1124","Santos, Maria Elizabeth Ribeiro dos - A entrada para a escola: considerações sobre o reconhecimento e manejo de um período crítico. Mestrado, 1975. PUC/RJ.","3.351",250,"Santos, Maria Elizabeth Ribeiro dos - A entrada para a escola: considerações sobre o reconhecimento e manejo de um período crítico.","2mf","Tese"
"1125","Santos, Marinho Mirando - Fatores sócio-culturais e econômicos relacionados com adotabilidade de práticas agropecuárias no Estado de Minas Gerais. Mestrado, 1977. Universidade Federal de Viçosa/MG.","3.352",251,"Santos, Marinho Mirando - Fatores sócio-culturais e econômicos relacionados com adotabilidade de práticas agropecuárias no Estado de Minas Gerais.","3mf","Tese"
"1438","Catálogo Coletivo - Remissivas Coleções (set/82). CCE-SIBI-USP.","1.1",1,"Catálogo Coletivo - Remissivas Coleções. CCE-SIBI-USP.","18mf","Catálogo"
"1439","Catálogo Coletivo Simplificado  (jun/82). COMUT/IBICIT/CNPq/CAPES/MEC.","1.2",2,"Catálogo Coletivo Simplificado.","19mf","Catálogo"
"1440","Catálogo Coletivo de Periódicos - Títulos e Coleções. (fev/86). SIBI-USP","1.3",3,"Catálogo Coletivo de Periódicos - Títulos e Coleções. SIBI-USP","17mf","Catálogo"
"1441","Lista de Publicações Periódicas Correntes existente na Biblioteca Regional de Medicina - BIRENE. (abr/81). COMUT-CNPq/IBICIT-CAPES-MEC.","1.5",5,"Lista de Publicações Periódicas Correntes existente na Biblioteca Regional de Medicina - BIRENE.","1mf","Catálogo"
"1442","Documentary History of the Ratification of the Constitution. USA.  State Historical Society of Wiscosin. s/d.","2.1",6,"Documentary History of the Ratification of the Constitution. USA.  State Historical Society of Wiscosin.","43mf","Documentos"
"1443","Doles, Dalísia E.M. - As comunicações fluviais pelo Tocatins e Ararguaia no séc.XIX. Doutorado, FFLCH-USP. 1972. CAPES-CDS.","3.1",94,"Doles, Dalísia E.M. - As Comunicações fluviais pelo Tocatins e Ararguaia no séc.XIX.","5mf - 2 cópias","Tese"
"1444","Garcia, Emanuel Soares da Veiga - Buenos Aires e Cadiz. Contribuição ao estudo do Comércio Livre (1789-1971). São Paulo, Doutorado, FFLCH-USP. 1968. CAPES-CDS.","3.2",116,"Garcia, Emanuel Soares da Veiga - Buenos Aires e Cadiz. Contribuição ao estudo do Comércio Livre (1789-1971).","3mf - 2 cópias","Tese"
"1445","Palmeira, Moacir Gracindo Soares - Latifundium et Capitalisme au Brésil. Paris, Thèse de 3e. Cycle, Faculté des Lettres. 1971. CNRS-AUPELF.","3.3",206,"Palmeira, Moacir Gracindo Soares - Latifundium et Capitalisme au Brésil.","7mf","Tese"
"1446","Rodrigues, Inês C. L. - A Revolta de Princesa. Contribuição ao estudo do mandonismo local. Paraíba, 1930. São Paulo, Mestrado, FFLCH-USP. 1976. CAPES-CDS.","3.4",238,"Rodrigues, Inês C. L. - A Revolta de Princesa. Contribuição ao estudo do mandonismo local. Paraíba, 1930.","5mf - 2 cópias","Tese"
"1447","Scarano, Júlia M.L. - Devoção e escravidão. A Irmandade de Nossa Senhora do Rosário dos Pretos no Distrito Diamantino no século XVIII. São Paulo, Doutorado, FFCL-USP. 1969. CAPES-CDS.","3.5",252,"Scarano, Júlia M.L. - Devoção e escravidão. A Irmandade de Nossa Senhora do Rosário dos Pretos no Distrito Diamantino no século XVIII.","4mf - 2 cópias","Tese"
"1448","Yunes, Eliana L. M. - Semiologia de um sistema. O Barroco Sacro de São João Del Rei. Rio de Janeiro, Mestrado, PUC-RJ. 1975. CAPES-CDS.","3.6",316,"Yunes, Eliana L. M. - Semiologia de um sistema. O Barroco Sacro de São João Del Rei.","3mf - 2 cópias","Tese"
"1449","Broder, Albert - Le role des interets economiques étrangers dans la croissance de l'Espagne: 1815-1913 - État - Entreprise et Histoire. Doctorat d'État. Univ. de Lille III. s/d. ANRTU.","3.7",39,"Broder, Albert - Le role des interets economiques étrangers dans la croissance de l'Espagne: 1815-1913 - État - Entreprise et Histoire.","24mf","Tese"
"1450","Lyra, M. Lourdes Viana - Centralisation, Systéme fiscal et autonomie provinciale dans Empire Brésilien: la Province de Pernambuco: 1808-1835. Doctorat d'Etat. Univ. de Lille III. Paris X.1985.  ANRTU. (2 cópias).","3.8",153,"Lyra, M. Lourdes Viana - Centralisation, Systéme fiscal et autonomie provinciale dans Empire Brésilien: la Province de Pernambuco: 1808-1835.","4mf - 2 cópias","Tese"
"1451","Dedieu, Jean Pierre - L'Administration de la Foi. L'Inquisition de Tolede et les vieux-chrétiens, XVI  et XVII siècles. Doctorat Univ. de Lille III. 1987. ANRTU","3.9",90,"Dedieu, Jean Pierre - L'Administration de la Foi. L'Inquisition de Tolede et les vieux-chrétiens, XVI  et XVII siècles.","3mf","Tese"
"1452","Witter, José Sebastião - A primeira tentativa de organização partidária: o Partido Republicano Federal (1893-1897). Doutorado. História-USP. 1971.180p. IMS-S/A.","3.10",314,"Witter, José Sebastião - A primeira tentativa de organização partidária: o Partido Republicano Federal (1893-1897).","4mf","Tese"
"1455","Pais, Cidmar T. - Conditions sémantico-syntaxiques et sémiotiques de la productivité systémique, lexicale et discursive. Doctorat. Univ. Paris-Sorbonne (Paris IV). 1993, 3 vols. 764p. Univ.Lille III.","3.11",205,"Pais, Cidmar T. - Conditions sémantico-syntaxiques et sémiotiques de la productivité systémique, lexicale et discursive.","2mf","Tese"
"1456","Loader, John M. (A.L.A.) - The use of microforms in automated information retrieval systems. USA, A master's dissertation of Library Studies of the Loughborough University of Technology (Dep. of Library and Information Studies), 1977. The National Reprografic Center for Documentation.","4.1",319,"Loader, John M. (A.L.A.) - The use of microforms in automated information retrieval systems.","1mf","Trabalho Técnico"
"1457","Barrett, R. - Remote access to original text for information handling. USA, Ph.D., C.Eng., F.I.E.E., Reader in Electrical Engineering. The Hatfield Polytechnic, 1974. NRCd.","4.2",318,"Barrett, R. - Remote access to original text for information handling.","1mf","Trabalho Técnico"
"2458","Magalhães, Gilson Faria Potsch - Renda e lazer em agricultura de subsistência - o caso das Zonas da Mata e Campo das Vertentes, MG. Mestrado, 1976. Universidade Federal de Viçosa/MG.","3.161",157,"Magalhães, Gilson Faria Potsch - Renda e lazer em agricultura de subsistência - o caso das Zonas da Mata e Campo das Vertentes, MG.","1mf - 3 cópias","Tese"
"2459","Magalhães, Ligia Cademartori - A cadeia de significantes e a insistência do sentido. Mestrado, 1976. PUC/RS.","3.162",158,"Magalhães, Ligia Cademartori - A cadeia de significantes e a insistência do sentido.","1mf","Tese"
"2460","Magalhães, Roberto - Humus de Raul Brandão: do petrificante ao fervilhante. Mestrado, FFCL Sagrado Coração de Jesus - Bauru/SP.","3.163",159,"Magalhães, Roberto - Humus de Raul Brandão: do petrificante ao fervilhante.","2mf - 2 cópias","Tese"
"2461","Marciniak, Ely Costa - Intertextualidade em Morte e Vida Severina. Mestrado, 1975. PUC/RS.","3.164",160,"Marciniak, Ely Costa - Intertextualidade em Morte e Vida Severina.","1mf - 2 cópias","Tese"
"2462","Marques, Margarida Pereira - O olhar decodificador de Alberto Caieiro. Mestrado, 1974. PUC/RJ.","3.165",161,"Marques, Margarida Pereira - O olhar decodificador de Alberto Caieiro.","2mf","Tese"
"2463","Martins, Dileta A. P. Silveira - As faces cambiantes da crônica moreyriana. Pós-Graduação, 1977. PUC/RS.","3.166",162,"Martins, Dileta A. P. Silveira - As faces cambiantes da crônica moreyriana.","3mf","Tese"
"2464","Masini, Elcie Aparecida Fortes Salzano - Sistematização e aplicação de recursos facilitadores de aprendizagem significativa, propostos por Ausubel, numa situação de sala de aula. Mestrado, 1976. PUC/SP.","3.167",163,"Masini, Elcie Aparecida Fortes Salzano - Sistematização e aplicação de recursos facilitadores de aprendizagem significativa, propostos por Ausubel, numa situação de sala de aula.","2mf","Tese"
"2465","Matheus, Carlos Eduardo Meirelles - Da realização histórica dos valores na ética de Max Scheler. Doutorado, 1974. PUC/SP.","3.168",164,"Matheus, Carlos Eduardo Meirelles - Da realização histórica dos valores na ética de Max Scheler.","4mf","Tese"
"2466","Matos, Sérgio Carvalho - Iniciação e integração, uma abordagem antropológica do camdomblé. Mestrado, 1975. PUC/RJ.","3.169",165,"Matos, Sérgio Carvalho - Iniciação e integração, uma abordagem antropológica do camdomblé.","3mf - 3 cópias","Tese"
"2467","Mattuella, Juvir Luiz - Análise do consumo e renda a nivel de famílias rurais. Mestrado, 1974. UFRS.","3.170",166,"Mattuella, Juvir Luiz - Análise do consumo e renda a nivel de famílias rurais.","2mf - 2 cópias","Tese"
"2468","Meireles, Gilson Luiz Leal de - Administração de suprimentos para empresas prestadoras de serviços públicos. Um modelo sistêmico. Mestrado, 1976. UFRS.","3.171",167,"Meireles, Gilson Luiz Leal de - Administração de suprimentos para empresas prestadoras de serviços públicos. Um modelo sistêmico.","3mf","Tese"
"2469","Mendes, Carlos Humberto Rios - Centro Universitário de Computação: funções e problemas estruturais. Mestrado, 1976. UFRS","3.172",168,"Mendes, Carlos Humberto Rios - Centro Universitário de Computação: funções e problemas estruturais.","2mf","Tese"
"2470","Mendonça, Antonio Sérgio Lima - Por uma teoria do simbólico (Da ordem da 2ª cena - A cena que promove o retorno do sentido). Mestrado, 1971. PUC/RJ.","3.173",169,"Mendonça, Antonio Sérgio Lima - Por uma teoria do simbólico (Da ordem da 2ª cena - A cena que promove o retorno do sentido).","3mf - 2 cópias","Tese"
"2471","Mendonça, Sonia Regina de - A primeira política de valorização do café e sua vinculação com a economia agrícola do Estado do Rio de Janeiro. Mestrado, 1977. DFF/RJ.","3.174",170,"Mendonça, Sonia Regina de - A primeira política de valorização do café e sua vinculação com a economia agrícola do Estado do Rio de Janeiro.","4mf","Tese"
"2472","Menezes, Juarez de Lima - Eficiência econômica do uso de rações comerciais e determinação da idade ótima para a abate de aves de corte em Fortaleza, Ceará - 1973. Mestrado, 1974. UFCE.","3.175",171,"Menezes, Juarez de Lima - Eficiência econômica do uso de rações comerciais e determinação da idade ótima para a abate de aves de corte em Fortaleza, Ceará - 1973.","2mf - 2 cópias","Tese"
"2473","Mera, Ruben Dario Mayorga - Análise econométrica da estrutura de mercado mundial de borracha natural. Mestrado, 1977. Universidade Federal de Viçosa/MG.","3.176",172,"Mera, Ruben Dario Mayorga - Análise econométrica da estrutura de mercado mundial de borracha natural.","2mf - 2 cópias","Tese"
"2474","Mesquita, Teobaldo Campos - Rações de custo mínimo para frangos de corte e procura potencial para novos ingredientes. Mestrado, 1975. UFCE.","3.177",173,"Mesquita, Teobaldo Campos - Rações de custo mínimo para frangos de corte e procura potencial para novos ingredientes.","2mf","Tese"
"2475","Michelato, Bernadete de Lourdes - Do espectro de Thanatos em Água Viva. Mestrado, 1975. Michelato, FFCL Sagrado Coração de Jesus - Bauru/SP.","3.178",174,"Michelato, Bernadete de Lourdes - Do espectro de Thanatos em Água Viva.","2mf","Tese"
"2476","Miranda Junior, Abdon Soares de - Orientação ao risco e adoção de inovações entre produtores de mandioca no Estado do Amazonas. Mestrado, 1977. Universidade Federal de Viçosa/MG.","3.179",175,"Miranda Junior, Abdon Soares de - Orientação ao risco e adoção de inovações entre produtores de mandioca no Estado do Amazonas.","2mf","Tese"
"2490","Goldenberg, Sergio - A utilização do placebo como contingência no processo de aprendizagem. Mestrado, 1976. UNICAMP.","3.122",121,"Goldenberg, Sergio - A utilização do placebo como contingência no processo de aprendizagem.","3mf","Tese"
"2491","Gomes, Maria Ivone Silveira Chaves Saraiva - A reconstrução da realidade profissional como indicador de alternativas para os problemas teórico-práticos do Serviço Social. Mestrado, 1976. PUC/SP.","3.123",122,"Gomes, Maria Ivone Silveira Chaves Saraiva - A reconstrução da realidade profissional como indicador de alternativas para os problemas teórico-práticos do Serviço Social.","2mf","Tese"
"2492","Gomes, Mariusa Vieira - Quatro Marias em dois tempos. Mestrado, 1976. PUC/RJ.","3.124",123,"Gomes, Mariusa Vieira - Quatro Marias em dois tempos.","2mf - 2 cópias","Tese"
"2493","Gomes, Sebastião Teixeira - Sistemas de produção da pecuária de leite em três microrregiões do Estado de Minas Gerais. Mestrado, 1976. Universidade Federal de Viçosa/MG.","3.125",124,"Gomes, Sebastião Teixeira - Sistemas de produção da pecuária de leite em três microrregiões do Estado de Minas Gerais.","3mf","Tese"
"2494","Gonçalves, David - Atualização das formas simples em tropas e boiadas. Mestrado, 1977. UFSC.","3.126",125,"Gonçalves, David - Atualização das formas simples em tropas e boiadas.","4mf - 2 cópias","Tese"
"2495","Gonçalves, Noemi Pacheco Dias - Metalinguagem e agonia na antilirade os sítios sitiados. Mestrado, 1976. PUC/RJ.","3.127",126,"Gonçalves, Noemi Pacheco Dias - Metalinguagem e agonia na antilirade os sítios sitiados.","3mf","Tese"
"2496","Gonzalez, Arroio Miguel - Estrutura de poder local e política educacional. Mestrado, 1974. UFMG.","3.128",127,"Gonzalez, Arroio Miguel - Estrutura de poder local e política educacional.","2mf","Tese"
"2497","Hemerly, Francisco Xavier - Modelo econométrico dos mercados interno e de exportação de amendoim. Mestrado, 1975. Universidade Federal de Viçosa/MG.","3.129",128,"Hemerly, Francisco Xavier - Modelos econométrico dos mercados interno e de exportação de amendoim.","2mf","Tese"
"2498","Henriques, Marcio Olympio Guimarães - A economia latino-americana: reflexões. Mestrado, 1969. FGV/BH.","3.130",129,"Henriques, Marcio Olympio Guimarães - A economia latino-americana: reflexões.","3mf - 2 cópias","Tese"
"2499","Herrmann, Leda Affonso Figueiredo - Conferência de supervisão em Serviço Social de casos na avaliação do relacionamento estagiário-cliente. Mestrado, 1974. PUC/SP.","3.131",130,"Herrmann, Leda Affonso Figueiredo - Conferência de supervisão em Serviço Social de casos na avaliação do relacionamento estagiário-cliente.","3mf","Tese"
"2500","Jobim, Hilaria Silesia da Cruz - Assis Brasil e o Código Eleitoral de 1932. Mestrado, 1977. PUC/RS.","3.132",131,"Jobim, Hilaria Silesia da Cruz - Assis Brasil e o Código Eleitoral de 1932.","2mf","Tese"
"2501","Jordão Netto, Antonio - Aspectos econômicos e sociais das migrações internas para o Estado de São Paulo. Doutorado, 1973. PUC/SP.","3.133",132,"Jordão Netto, Antonio - Aspectos econômicos e sociais das migrações internas para o Estado de São Paulo.","4mf - 3 cópias","Tese"
"2502","Jorge, Maria Rachel Tolosa - Estudo dos fenômenos significativos observados na prática profissional junto a uma instituição especializada no campo do menor deficiente mental educável. Relação desses fenômenos com as técnicas de intevenção em Serviço Social de caso. Mestrado, 1976. PUC/SP.","3.134",133,"Jorge, Maria Rachel Tolosa - Estudo dos fenômenos significativos observados na prática profissional junto a uma instituição especializada no campo do menor deficiente mental educável. Relação desses fenômenos com as técnicas de intevenção em Serviço Social de caso.","4mf","Tese"
"2503","Junkes, Lauro - As visões do narrador em O Forte de Adonias Filho e a trajetória de uma cosmovisão. Mestrado, 1976. UFSC.","3.135",134,"Junkes, Lauro - As visões do narrador em O Forte de Adonias Filho e a trajetória de uma cosmovisão.","4mf - 2 cópias","Tese"
"2504","Kalil, Maria Naima - Aplicação do método de regressão de cumeeira (""Ridge Regression"") na estimação de funções de demanda e de produção. Mestrado, 1977. USP - Escola Superior de Agrcultura Luiz de Queiroz.","3.136",135,"Kalil, Maria Naima - Aplicação do método de regressão de cumeeira (""Ridge Regression"") na estimação de funções de demanda e de produção.","3mf","Tese"
"2505","Kamimura, Luiza Harve - Gaibeus e a problemática neo-realista. Mestrado, 1975. FFCL Sagrado Coração de Jesus - Bauru/SP.","3.137",136,"Kamimura, Luiza Harve - Gaibeus e a problemática neo-realista.","2mf - 2 cópias","Tese"
"2506","Karsch, Ursula Margarida - Uma avaliação do uso de objetos educacionais na programação do estágio dos ciclo profissional do curso de Serviço Social. Mestrado, 1975. PUC/SP.","3.138",137,"Karsch, Ursula Margarida - Uma avaliação do uso de objetos educacionais na programação do estágio dos ciclo profissional do curso de Serviço Social.","3mf","Tese"
"2507","Khouri, Yvonne Alvarenga Gonçalves - Estudo de personalidade de pré-escolares de diferentes status sócio-econômicos, mediante o teste Z. Doutorado, 1974. PUC/SP.","3.139",138,"Khouri, Yvonne Alvarenga Gonçalves - Estudo de personalidade de pré-escolares de diferentes status sócio-econômicos, mediante o teste Z.","4mf","Tese"
"2508","Konzen, Otto Guilherme - Influência econômica do projeto piloto de crédito rural sobre as empresas agrícolas de Ibirubá, Rio Grande do Sul-Brasil. Mestrado, 1969. UFRS.","3.140",139,"Konzen, Otto Guilherme - Influência econômica do projeto piloto de crédito rural sobre as empresas agrícolas de Ibirubá, Rio Grande do Sul-Brasil.","3mf - 2 cópias","Tese"
"2509","Ladeira, José Dionisio - Problemas de termos regidos pela preposição DE. Mestrado, 1977. PUC/RJ.","3.141",140,"Ladeira, José Dionisio - Problemas de termos regidos pela preposição DE.","3mf","Tese"
"2510","Lapa, Armando José - Fatores que interferem na renda líquida dos bovinocultores de corte nos municípios de Encruzilhada e Itapetinga (Bahia). Mestrado, 1975. Universidade Federal de Viçosa/MG.","3.142",141,"Lapa, Armando José - Fatores que interferem na renda líquida dos bovinocultores de corte nos municípios de Encruzilhada e Itapetinga (Bahia).","2mf","Tese"
"2511","Lara, Tiago Adão - As raízes cristãs do pensamento de Antonio Pedro de Figueiredo. Mestrado, 1976. PUC/RJ.","3.146",142,"Lara, Tiago Adão - As raízes cristãs do pensamento de Antonio Pedro de Figueiredo.","5mf - 2 cópias","Tese"
"2512","Lazzari, Beatriz Maria - Reação do parlamento brasileiro à política de colonização e imigração. Mestrado, 1977. PUC/RS.","3.147",143,"Lazzari, Beatriz Maria - Reação do parlamento brasileiro à política de colonização e imigração.","4mf","Tese"
"2513","Lemos, Ada Pellegrini - O binômio Pessoa - situação na teoria do Serviço Social. Mestrado, 1974. PUC/SP.","3.148",144,"Lemos, Ada Pellegrini - O binômio Pessoa - situação na teoria do Serviço Social.","9mf","Tese"
"2514","Lima, Dalmo Marcelo de Albuquerque. Viabilidade econômica de cultivos à tração animal em algodão. Mestrado, 1975. UFCE.","3.149",145,"Lima, Dalmo Marcelo de Albuquerque. Viabilidade econômica de cultivos à tração animal em algodão.","2mf - 2 cópias","Tese"
"2515","Lima, José de - Análise econômica da cultura de cana-de-açúcar no Estado de Alagoas - safra 1973/74. Mestrado, 1976. Universidade Federal de Viçosa/MG.","3.150",146,"Lima, José de - Análise econômica da cultura de cana-de-açúcar no Estado de Alagoas - safra 1973/74.","2mf","Tese"
"2516","Lima, Mauricea Bezerra de - Determinantes da renda individual, segundo diferentes estratificações: o caso do Recife metropolitano. Mestrado, 1975. UFPE","3.151",147,"Lima, Mauricea Bezerra de - Determinantes da renda individual, segundo diferentes estratificações: o caso do Recife metropolitano.","2mf","Tese"
"2573","Catálogo Coletivo de Periódicos - Títulos por Assunto. (dez/85). SIBI-USP.","1.4",4,"Catálogo Coletivo de Periódicos - Títulos por Assunto.","11mf","Catálogo"
"2574","Albuquerque, Nivaldo Rodrigues. A evolução da universidade brasileira: análise crítica e tentiva de estabelecimento de um modelo estrutural para as universidade federais. Mestrado, 1974. FGV.PI.","3.12",7,"Albuquerque, Nivaldo Rodrigues. A evolução da universidade brasileira: análise crítica e tentiva de estabelecimento de um modelo estrutural para as universidade federais.","3mf","Tese"
"2575","Alencar, Edgard - Valorização da cooperativa agrícola de Gouveia/MG. Mestrado, 1976. Universidade Federal de Viçosa/MG.","3.13",8,"Alencar, Edgard - Valorização da cooperativa agrícola de Gouveia/MG.","3mf - 2 cópias","Tese"
"2587","Almeida, Anna Lucia Malan de - Abertura empresarial, percepção de papel e participação política. Mestrado, 1971. Fac. Cândido Mendes, Rio de Janeiro.","3.14",9,"Almeida, Anna Lucia Malan de - Abertura empresarial, percepção de papel e participação política.","3mf - 2 cópias","Tese"
"2588","Almeida, Fernando José de - Filosofia da educação para um projeto de tecnologias avançadas: suas subsídios para uma análise crítica do Projeto Saci. Mestrado, 1977, PUC/SP.","3.15",10,"Almeida, Fernando José de - Filosofia da educação para um projeto de tecnologias avançadas: suas subsídios para uma análise crítica do Projeto Saci.","3mf","Tese"
"2589","Alves, Elias Humberto. O descritor em lógica modal. Doutorado, 1973, PUC/SP.","3.16",11,"Alves, Elias Humberto. O descritor em lógica modal.","2mf","Tese"
"2590","Alves, Fernando Albiani - Efeitos do treinamento sobre a renda e qualificação dos trabalhadores rurais da Região Cacaueira da Bahia.  Doutorado, 1976. Universidade Federal de Viçosa/MG.","3.17",12,"Alves, Fernando Albiani - Efeitos do treinamento sobre a renda e qualificação dos trabalhadores rurais da Região Cacaueira da Bahia.","4mf - 3 cópias","Tese"
"2591","Andrade, José Geraldo de - Varáveis sócio-econômicas associadas a adotabilidade e eficiência econômica dos agricultores de Boa Esperança, MG. Mestrado, 1972. Universidade Federal de Viçosa/MG.","3.18",13,"Andrade, José Geraldo de - Varáveis sócio-econômicas associadas a adotabilidade e eficiência econômica dos agricultores de Boa Esperança, MG","2mf","Tese"
"2592","Araújo, Humberto Marinho de - Análise econômica da cafeicultura na região sul de Minas Gerais.  Mestrado, 1976. Universidade Federal de Viçosa/MG.","3.19",14,"Araújo, Humberto Marinho de - Análise econômica da cafeicultura na região sul de Minas Gerais.","2mf - 3 cópias","Tese"
"2653","Asfora, Maria de Fatima Yasbeck - Georg Simmel; aspectos gerais de sua contribuição sociológica. Mestrado, 1974, UFPE","3.20",15,"Asfora, Maria de Fatima Yasbeck - Georg Simmel; aspectos gerais de sua contribuição sociológica.","3mf - 2 cópias","Tese"
"2654","Avelar, Sonia Maria de - Desenvolvimento e tensões sócio-políticas. Mestrado, 1971. UFMG.","3.21",16,"Avelar, Sonia Maria de - Desenvolvimento e tensões sócio-políticas.","2mf - 2 cópias","Tese"
"2655","Ayres, Carlos Henrique Simões - Excedente comercializável de produtos selecionados no Estado do Espírito Santo. Mestrado, 1976. Univ.Federal de Viçosa/MG.","3.22",17,"Ayres, Carlos Henrique Simões - Excedente comercializável de produtos selecionados no Estado do Espírito Santo.","2mf - 3 cópias","Tese"
"2656","Azevedo, Sérgio de - A política habitacional para as classes de baixa renda. Mestrado, 1975. Fac. Cândido Mendes/RJ.","3.23",18,"Azevedo, Sérgio de - A política habitacional para as classes de baixa renda.","2mf - 2 cópias","Tese"
"2657","Bacha, Claire Savit- A dependência nas relações internacionais: uma introdução à experiência brasileira. Mestrado, Inst.Univ.Pesq./RJ","3.24",19,"Bacha, Claire Savit- A dependência nas relações internacionais: uma introdução à experiência brasileira.","4mf - 3 cópias","Tese"
"2658","Balarini, Sebastião José - Alocação de recursos e combinação de atividades na agricultura de Limoeiro - PE. Mestrado, 1975. UFPE","3.25",20,"Balarini, Sebastião José - Alocação de recursos e combinação de atividades na agricultura de Limoeiro - PE.","3mf - 2 cópias","Tese"
"2659","Barbin, Maria Lucia - Na bipolaridade de Alves Redol e Fernando Namora. A unidade do neo-realismo português. Mestrado, 1975. Fac. Ciências e Letras Sagr.Cor.Jesus - Bauru/SP","3.26",21,"Barbin, Maria Lucia - Na bipolaridade de Alves Redol e Fernando Namora. A unidade do neo-realismo português.","2mf - 2 cópias","Tese"
"2660","Barbosa Filho, Manuel - Impacto da extensão rural nos municípios de Patos e São José do Bonfim - Estado da Paraíba. Mestrado, 1969. Universidade Federal de Viçosa/MG","3.27",22,"Barbosa Filho, Manuel - Impacto da extensão rurual nos municípios de Patos e São José do Bonfim - Estado da Paraíba.","3mf - 2 cópias","Tese"
"2661","Barbosa, Francisco Ernani Pagels - Comercialização e preços da carne bovina na cidade de Teresina, Estado do Piauí - 1972. Mestrado, 1975. UFCE.","3.28",23,"Barbosa, Francisco Ernani Pagels - Comercialização e preços da carne bovina na cidade de Teresina, Estado do Piauí - 1972.","2mf - 3 cópias","Tese"
"2662","Barbosa, Mariza Marilena Tanajura Luz - O efeito do risco de preços nos planos de produção: Um estudo de caso. Mestrado, 1976. Universidade Federal de Viçosa/MG.","3.29",24,"Barbosa, Mariza Marilena Tanajura Luz - O efeito do risco de preços nos planos de produção: Um estudo de caso.","2mf - 3 cópias","Tese"
"2663","Barros, Wagner José de - Análise econométrica dos mercados interno e de exportação de açucar. Mestrado, 1975. Universidade Federal de Viçosa/MG.","3.30",25,"Barros, Wagner José de - Análise econométrica dos mercados interno e de exportação de açucar.","1mf - 3 cópias","Tese"
"2664","Bastos, Magnolia Gripp - Contribuição para o estudo do recém-nascido de baixo peso. Mestrado, 1979. USP.","3.31",26,"Bastos, Magnolia Gripp - Contribuição para o estudo do recém-nascido de baixo peso.","2mf","Tese"
"2665","Batista, Ilvo Sequeira - A demanda de tratores agrícolas na região Centro-Sul do Brasil. Mestrado, 1976. Universidade Federal de Viçosa/MG.","3.32",27,"Batista, Ilvo Sequeira - A demanda de tratores agrícolas na região Centro-Sul do Brasil.","2mf - 2 cópias","Tese"
"2666","Bayma, Joaquim do Rego - Identificação de sistemas de produção na pecuária de leite - Zona da Mata-MG. Mestrado, 1977. Universidade Federal de Viçosa/MG.","3.33",28,"Bayma, Joaquim do Rego - Identificação de sistemas de produção na pecuária de leite - Zona da Mata-MG.","3mf - 2 cópias","Tese"
"2667","Bedran, Sylvia de Lima - O espaço fragmentário em João Alphonsus. Mestrado, 1977. PUC/RJ.","3.34",29,"Bedran, Sylvia de Lima - O espaço fragmentário em João Alphonsus.","3mf - 2 cópias","Tese"
"2668","Beirão, Maria Fernanda Seixas Farinha - Vivência do espaço e do tempo na criação artística (Experiencing time and space in artistic creation). Doutorado, 1970. FFCL de São Bento/SP.","3.35",30,"Beirão, Maria Fernanda Seixas Farinha - Vivência do espaço e do tempo na criação artística (Experiencing time and space in artistic creation).","2mf","Tese"
"2669","Benevello, Rosa Bomfim Coimbra - A pertinência da verossimilhança em Fogo Morto. Mestrado, 1975. PUC/RJ.","3.36",31,"Benevello, Rosa Bomfim Coimbra - A pertinência da verossimilhança em Fogo Morto.","2mf - 2 cópias","Tese"
"2670","Berthet, Luiz Arthaud - Elasticidade e elasticiais das funções reais: esboço do cálculo. Mestrado, 1960. USP.","3.37",32,"Berthet, Luiz Arthaud - Elasticidade e elasticiais das funções reais: esboço do cálculo.","2mf - 2 cópias","Tese"
"2671","Bielschowsky, Ricardo Alberto - Bancos e acumulação de capital na industrialização brasileira - uma anáilise introdutória - (1935/1962). Mestrado, 1975. UnB/DF.","3.38",33,"Bielschowsky, Ricardo Alberto - Bancos e acumulação de capital na industrialização brasileira - uma anáilise introdutória - (1935/1962).","4mf - 3 cópias","Tese"
"2672","Braga, Newton Lima - Vantagem comparativa no mercado nordestino de abacaxi. Braga,  Mestrado, 1976. Universidade Federal de Viçosa/MG.","3.39",34,"Braga, Newton Lima - Vantagem comparativa no mercado nordestino de abacaxi.","2mf - 2 cópias","Tese"
"2673","Brasil, Vera Maria Americano do - Por uma leitura primeiro de invenção de Orfeu.  Mestrado, 1975. PUC/RJ.","3.40",35,"Brasil, Vera Maria Americano do - Por uma leitura primeiro de invenção de Orfeu.","2mf - 2 cópias","Tese"
"2674","Bravo, Maria Ines Souza - Modelos de atuação do serviço social no campo da saúde.  Mestrado, 1976, PUC/RJ.","3.41",36,"Bravo, Maria Ines Souza - Modelos de atuação do serviço social no campo da saúde.","4mf","Tese"
"2675","Brigagão, Clovis - Poder e Legislativo no Brasil. Análise política da produção legal de 1959 a 1966.  Mestrado, 1971. Faculdade Cândido Mendes/RJ.","3.42",37,"Brigagão, Clovis - Poder e Legislativo no Brasil. Análise política da produção legal de 1959 a 1966.","2mf","Tese"
"2676","Briquet, Maria Cecilia Mattos - Estudo descritivo e prescritivo do papel do supervisor de assistentes sociais nos hospitais oficiais de São Paulo. Mestrado, 1976. PUC/RJ.","3.43",38,"Briquet, Maria Cecilia Mattos - Estudo descritivo e prescritivo do papel do supervisor de assistentes sociais nos hospitais oficiais de São Paulo.","3mf","Tese"
"2677","Bruna, Vitório Dela - O mundo dividido de Jorge Amado. Mestrado, 1976, UFSC.","3.44",40,"Bruna, Vitório Dela - O mundo dividido de Jorge Amado.","4mf - 2 cópias","Tese"
"2678","Bueno, Clodoaldo - A revolução mexicana: reflexos diplomáticos (1910-1940). Mestrado, FFCL/Marília/SP.","3.45",41,"Bueno, Clodoaldo - A revolução mexicana: reflexos diplomáticos (1910-1940).","2mf","Tese"
"2679","Buffa, Ester - Crítica histórica das ideologias subjacentes ao conflito escola particular-escola pública (1956-1961). Mestrado, 1975. Univer.Metodista de Piracicaba/SP.","3.46",42,"Buffa, Ester - Crítica histórica das ideologias subjacentes ao conflito escola particular-escola pública (1956-1961).","3mf","Tese"
"2680","Buriolla, Marta Alice Feiten - A prática e a teoria. Como se configura na prática, em Serviço Social no atendimento de casos o OBJETO, o OBJETIVO e as FORMAS DE ATUAÇÃO do assistente social. Mestrado, 1977. PUC/SP.","3.47",43,"Buriolla, Marta Alice Feiten - A prática e a teoria. Como se configura na prática, em Serviço Social no atendimento de casos o OBJETO, o OBJETIVO e as FORMAS DE ATUAÇÃO do assistente social.","3mf","Tese"
"2681","Burke, Thomas Joseph - A percepção e o processo de adoção de inovações na agricultura. Mestrado, 1977, USP.","3.48",44,"Burke, Thomas Joseph - A percepção e o processo de adoção de inovações na agricultura.","3mf","Tese"
"2682","Busatto, Luiz - Montagem: processo de composição em invenção de Orfeu. Mestrado, 1975. PUC/RJ.","3.49",45,"Busatto, Luiz - Montagem: processo de composição em invenção de Orfeu.","3mf - 2 cópias","Tese"
"2683","Cadore, Luiz Agostinho - Interesses por textos; sua leitura e interpretação em aula no segundo grau. Mestrado, 1977. PUC/RS.","3.50",46,"Cadore, Luiz Agostinho - Interesses por textos; sua leitura e interpretação em aula no segundo grau.","3mf","Tese"
"2684","Calegar, Geraldo Magela - Mudança tecnológica e distribuição de renda: um estudo de caso.  Mestrado, 1976. C","3.51",47,"Calegar, Geraldo Magela - Mudança tecnológica e distribuição de renda: um estudo de caso.","2mf - 3 cópias","Tese"
"2685","Calvert, Evelyn da Matta - O neologismo em Sousandrade.  Mestrado, 1976. UFF/RJ.","3.52",48,"Calvert, Evelyn da Matta - O neologismo em Sousandrade.","2mf - 2 cópias","Tese"
"2686","Camargo, José Rafael Soares - Comercialização de carne bovina por frigoríficos abatedores da Zona Metalúrgica, 1967.  Mestrado, 1968. Universidade Federal Rural Est./MG.","3.53",49,"Camargo, José Rafael Soares - Comercialização de carne bovina por frigoríficos abatedores da Zona Metalúrgica, 1967.","2mf - 2 cópias","Tese"
"2687","Camargo, Marisis Aranha - Chatterton: a arte e o mito. Doutorado, 1974. PUC/SP.","3.54",50,"Camargo, Marisis Aranha - Chatterton: a arte e o mito.","3mf","Tese"
"2688","Campos, Maria Consuelo Cunha - Análise estrutural dos romances urbanos de José de Alencar.  Mestrado, 1973. PUC/RJ.","3.55",51,"Campos, Maria Consuelo Cunha - Análise estrutural dos romances urbanos de José de Alencar.","2mf - 2 cópias","Tese"
"2689","Canellas, Maria Isabel Jesus Costa - Cinematic techniques in Faulkner's Absalom, Absalon. Mestrado, 1975. Faculdade Sagrado Coração de Jesus-Bauru/SP.","3.56",52,"Canellas, Maria Isabel Jesus Costa - Cinematic techniques in Faulkner's Absalom, Absalon.","3mf - 2 cópias","Tese"
"2690","Capp Filho, Mario - Avaliação econômica do reflorestamento no Estado de Minas Gerais. Mestrado, 1976. Universidade Federal de Viçosa/MG.","3.57",53,"Capp Filho, Mario - Avaliação econômica do reflorestamento no Estado de Minas Gerais.","3mf - 3 cópias","Tese"
"2691","Cardoso, Vera Talita Machado - Elasticidade-Renda da procura de alimentos para a classe de operários da indústria de transformação em Porto Alegre (RS) - 1970. Mestrado, 1974. UFRS.","3.58",54,"Cardoso, Vera Talita Machado - Elasticidade-Renda da procura de alimentos para a classe de operários da indústria de transformação em Porto Alegre (RS) - 1970.","3mf - 2 cópias","Tese"
"2692","Cardoso, Walter - Interpretação bachelardiana do espírito pré-científico no Brasil. Mestrado, 1977. PUC/SP.","3.59",55,"Cardoso, Walter - Interpretação bachelardiana do espírito pré-científico no Brasil.","2mf - 3 cópias","Tese"
"2693","Cardozo, Aloizio Apoliano - Análise comparativa de métodos de extensão rural no ensino de uma técnica pecuária em Goianésia - Goiás. Mestrado, 1977. Universidade Federal de Viçosa/MG.","3.60",56,"Cardozo, Aloizio Apoliano - Análise comparativa de métodos de extensão rural no ensino de uma técnica pecuária em Goianésia - Goiás.","2mf","Tese"
"2694","Carneiro, Elza - Economia agrícola do Governo Melo Castro. Mestrado, 1976. FFCL Sagrado Coração de Jesus - Bauru/SP.","3.61",57,"Carneiro, Elza - Economia agrícola do Governo Melo Castro.","2mf","Tese"
"2695","Carneiro, Geralda de Lacerda Gomes - Etimologia de brasileirismos. Mestrado, 1975. UFF/RJ.","3.62",58,"Carneiro, Geralda de Lacerda Gomes - Etimologia de brasileirismos.","3mf","Tese"
"2696","Carone, Iray - A função da parafrase na tradução de enunciados da linguagem natural para uma ling... . Doutorado, 1974. PUC/SP.","3.63",59,"Carone, Iray - A função da parafrase na tradução de enunciados da linguagem natural para uma ling... .","2mf - 2 cópias","Tese"
"2697","Carpi, Maria de Lourdes - Influência do cristianismo no lexico português. Mestrado, 1976. UFF/RJ.","3.64",60,"Carpi, Maria de Lourdes - Influência do cristianismo no lexico português.","2mf - 2 cópias","Tese"
"2698","Carvalho, Carlos Henrique de - Avaliação econômica de um serviço de extensão rural: O caso da EMATER-MG em Minas Gerais. Mestrado, 1976.","3.65",61,"Carvalho, Carlos Henrique de - Avaliação econômica de um serviço de extensão rural: O caso da EMATER-MG em Minas Gerais.","2mf - 2 cópias","Tese"
"2699","Carvalho, José Luiz de - Bancos comerciais no Brasil. Mestrado, 1969. FGV/RJ.","3.66",62,"Carvalho, José Luiz de - Bancos comerciais no Brasil.","2mf - 3 cópias","Tese"
"2700","Carvalho, Laiz Barbosa de - Tradição e vanguarda em A Madona de Cedro. Mestrado, 1975. FFCL Sagrado Coração de Jesus - Bauru/SP.","3.67",63,"Carvalho, Laiz Barbosa de - Tradição e vanguarda em A Madona de Cedro.","2mf","Tese"
"2701","Carvalho, Laura da Veiga - A influência dos fatores sócio-econômicos no acesso diferencial às oportunidades educacionais. Mestrado, 1975. UFMG.","3.68",64,"Carvalho, Laura da Veiga - A influência dos fatores sócio-econômicos no acesso diferencial às oportunidades educacionais.","4mf","Tese"
"2702","Castanheira, Paulo Menicucci - Análise fatorial como método de estratificação: uma aplicação empírica na cafeicultura. Mestrado, 1976. Universidade Federal de Viçosa/MG.","3.69",65,"Castanheira, Paulo Menicucci - Análise fatorial como método de estratificação: uma aplicação empírica na cafeicultura.","2mf - 3 cópias","Tese"
"2703","Castelo Branco, Flávio Pinheiro de - Importações de bens de capital e substituição de importações: algumas considerações sobre o problema recente do Brasil. Mestrado, 1976. UnB.","3.70",66,"Castelo Branco, Flávio Pinheiro de - Importações de bens de capital e substituição de importações: algumas considerações sobre o problema recente do Brasil.","3mf - 2 cópias","Tese"
"2704","Castelo, José Alberto Montenegro - O papel de professor das disciplinas comuns do primeiro ciclo de Ciências Humanas e Educação da PUCSP, na concepção dos alunos. Mestrado, 1975. PUC/SP.","3.71",67,"Castelo, José Alberto Montenegro - O papel de professor das disciplinas comuns do primeiro ciclo de Ciências Humanas e Educação da PUCSP, na concepção dos alunos.","2mf","Tese"
"2705","Castro, Angela Maria Bezerra de - Gil Vicente e Ariano Suassuna. Mestrado, 1976. PUC/RJ.","3.72",68,"Castro, Angela Maria Bezerra de - Gil Vicente e Ariano Suassuna.","3mf - 2 cópias","Tese"
"2706","Castro, Katherine Donham Maciel Siaines de - Análise de erros em redações de brasileiros estudantes de alemão. Mestrado, 1976. PUC/RJ.","3.73",69,"Castro, Katherine Donham Maciel Siaines de - Análise de erros em redações de brasileiros estudantes de alemão.","2mf - 2 cópias","Tese"
"2707","Cattanio, Maria Bernadeth - A dinâmica urbana e a estruturação espacial de Três Lagoas. Mestrado, 1976.  FFCL Sagrado Coração de Jesus - Bauru/SP.","3.74",70,"Cattanio, Maria Bernadeth - A dinâmica urbana e a estruturação espacial de Três Lagoas.","3mf - 3 cópias","Tese"
"2708","Celebroni, Estela Maris Martins - O setor industrial no quadro urbano de Araraquara. Mestrado, 1975.  FFCL Sagrado Coração de Jesus - Bauru/SP.","3.75",71,"Celebroni, Estela Maris Martins - O setor industrial no quadro urbano de Araraquara.","2mf - 3 cópias","Tese"
"2709","Cerqueira Filho, Gisalio - A influência das idéias socialistas no pensamento político brasileiro. Mestrado, 1975. Faculdade Cândido Mendes/RJ.","3.76",72,"Cerqueira Filho, Gisalio - A influência das idéias socialistas no pensamento político brasileiro.","2mf - 2 cópias","Tese"
"2710","Chizzotti, Antonio - As origens da instrução pública no Brasil. Análise interpretativa da legislação pública nas origens de sua constituição, seus pressupostos e as aplicações para a Filosofia da Educação. Mestrado, 1975. PUC/SP.","3.77",73,"Chizzotti, Antonio - As origens da instrução pública no Brasil. Análise interpretativa da legislação pública nas origens de sua constituição, seus pressupostos e as aplicações para a Filosofia da Educação.","3mf","Tese"
"2711","Clini, Maria dos Prazeres Mendes - O interprocessar barroco/publicidade. Mestrado, 1975. PUC/SP.","3.78",74,"Clini, Maria dos Prazeres Mendes - O interprocessar barroco/publicidade.","4mf","Tese"
"2712","Coimbra, Carlos Cardoso da Cunha - Como Heidegger pensa a antropologia em ser e tempo e nas obr... . Mestrado, 1976. PUC/RJ.","3.79",75,"Coimbra, Carlos Cardoso da Cunha - Como Heidegger pensa a antropologia em ser e tempo e nas obr... .","3mf -2 cópias","Tese"
"2713","Collares, Cecilia Azevedo Lima - Implantação de serviços de orientação educacional em entidade de iniciação profissional de menores: estudo experimental. Mestrado, 1977. PUC/SP.","3.80",76,"Collares, Cecilia Azevedo Lima - Implantação de serviços de orientação educacional em entidade de iniciação profissional de menores: estudo experimental.","4mf","Tese"
"2714","Consorte, Josidelth Gomes - Relações de trabalho na sericultura. Mestrado, 1973. PUC/SP.","3.81",77,"Consorte, Josidelth Gomes - Relações de trabalho na sericultura.","4mf","Tese"
"2715","Contini, Elisio - A colonização na Transamazônica - um enfoque analítico do plano governamental se... . Mestrado, 1976. FGV.BSB.","3.83",78,"Contini, Elisio - A colonização na Transamazônica - um enfoque analítico do plano governamental se... .","4mf - 2 cópias","Tese"
"2716","Cordeiro, Maria Hercília Tribuzy de Magalhães - A begrifesschrift de frege numa visão evolutiva. Mestrado, 1974. PUC/RJ.","3.84",79,"Cordeiro, Maria Hercília Tribuzy de Magalhães - A begrifesschrift de frege numa visão evolutiva.","3mf","Tese"
"2717","Corrêa, Glauco Rodrigues - A narrativa de Silveira de Sousa. Mestrado, 1976. UFSC.","3.84",80,"Corrêa, Glauco Rodrigues - A narrativa de Silveira de Sousa.","2mf - 2 cópias","Tese"
"2718","Costa, José de Oliveira - Avaliação dos serviços de extensão rural em área típica do brejo paraibano. Mestrado, 1976. UFCE","3.85",81,"Costa, José de Oliveira - Avaliação dos serviços de extensão rural em área típica do brejo paraibano.","2mf","Tese"
"2719","Costa, Ligia Militz da - O condicionamento telúrico-ideológico do desejo em Terras do Sem Fim de Jorge Amado. Mestrado, 1975. PUC/RJ.","3.86",82,"Costa, Ligia Militz da - O condicionamento telúrico-ideológico do desejo em Terras do Sem Fim de Jorge Amado.","2mf - 2 cópias","Tese"
"2720","Costa, Maria Osana de Medeiros - Ideologia e contra-ideologia na obra de Rachel de Queiroz. Mestrado, 1973. PUC/RJ.","3.87",83,"Costa, Maria Osana de Medeiros - Ideologia e contra-ideologia na obra de Rachel de Queiroz.","2mf - 2 cópias","Tese"
"2721","Cruz, Odilon Pereira da - Aspectos econômicos do planejamento empresarial. Mestrado, 1973. PUC/SP.","3.88",84,"Cruz, Odilon Pereira da - Aspectos econômicos do planejamento empresarial.","2mf","Tese"
"2722","Cruz, Tancredo Almada - Resposta dos pequenos agricultores a estímulos de preço. Mestrado, 1977. Universidade Federal de Viçosa/MG.","3.89",85,"Cruz, Tancredo Almada - Resposta dos pequenos agricultores a estímulos de preço.","2mf","Tese"
"2723","Cunha, Carlos Maciel da - Jean-François Sarasin, poète précieux? Contribuition à l'histoire de la préciosité et du préclassicisme. Mestrado, 1963. UMG.","3.90",86,"Cunha, Carlos Maciel da - Jean-François Sarasin, poète précieux? Contribuition à l'histoire de la préciosité et du préclassicisme.","3mf - 2 cópias","Tese"
"2724","Dagnino, Evelina - Sistemas de valores: um modelo. Mestrado, 1970. UFMG.","3.91",87,"Dagnino, Evelina - Sistemas de valores: um modelo.","2mf - 2 cópias","Tese"
"2725","D'Alessio, Lucrecia - Introdução ao estudo do regionalismo de Valdomiro Silveira.  Mestrado, 1973. PUC/SP.","3.92",88,"D'Alessio, Lucrecia - Introdução ao estudo do regionalismo de Valdomiro Silveira.","2mf - 2 cópias","Tese"
"2726","Decina, Lena Maria Stringer - Cristovão: do imitare ao immutare. Mestrado, 1975. PUC/RJ.","3.93",89,"Decina, Lena Maria Stringer - Cristovão: do imitare ao immutare.","3mf - 2 cópias","Tese"
"2727","Delicato, Ilda Rugai - For the time being: the modern poet's rendering of the christian message.  Mestrado, 1975. FFCL - Sagrado Coração de Jesus - Bauru/SP.","3.94",91,"Delicato, Ilda Rugai - For the time being: the modern poet's rendering of the christ... .","2mf - 2 cópias","Tese"
"2728","Dias, Adriano Batista. Distribuição da renda.  Mestrado, 1970. UFPE.","3.95",92,"Dias, Adriano Batista. Distribuição da renda.","2mf - 2 cópias","Tese"
"2729","Diniz, Alberto - Análise da política de interferência no mercado de leite no Brasil. Mestrado, 1976. Universidade Federal de Viçosa/MG.","3.96",93,"Diniz, Alberto - Análise da política de interferência no mercado de leite no Brasil.","2mf - 2 cópias","Tese"
"2730","Dota, Maria Inez Mateus - A general outline of science fiction: english and american writers and eight recurrent themes. Mestrado, 1975. FFLC Sagrado Coração de Jesus - Bauru/SP.","3.97",95,"Dota, Maria Inez Mateus - A general outline of science fiction: english and american writers and eight recurrent themes.","3mf - 2 cópias","Tese"
"2731","Egrejas, Maria Elena Martins - O jogo do poder no romance histórico de Alexandre Herculano. Mestrado, 1975. PUC/RJ.","3.98",96,"Egrejas, Maria Elena Martins - O jogo do poder no romance histórico de Alexandre Herculano.","2mf - 2 cópias","Tese"
"2732","Ely, Sylvia Maria Roesch - A rotatividade da mão-de-obra na indústria metal-mecânica de Porto Alegre - Implicações do sistema do FGTS. Mestrado, 1976. UFRS.","3.99",97,"Ely, Sylvia Maria Roesch - A rotatividade da mão-de-obra na indústria metal-mecânica de Porto Alegre - Implicações do sistema do FGTS.","3mf - 2 cópias","Tese"
"2733","Encarnação Júnior, Genserico - Paridade do poder de compra: novo enfoque para o caso brasileiro. Mestrado, 1968.FGV/RJ.","3.100",98,"Encarnação Júnior, Genserico - Paridade do poder de compra: novo enfoque para o caso brasileiro.","2mf","Tese"
"2734","Faidiga, Maria Teresa Bijos - Um estudo sobre a aplicação da contabilidade de custos da universidades. Mestrado, 1974. PUC/RJ.","3.101",99,"Faidiga, Maria Teresa Bijos - Um estudo sobre a aplicação da contabilidade de custos da universidades.","2mf","Tese"
"2735","Fajardo, Carlos Magno - Sistemas de produção na pecuária de corte do Triângulo Mineiro. Mestrado, 1976. Universidade Federal de Viçosa/MG.","3.102",100,"Fajardo, Carlos Magno - Sistemas de produção na pecuária de corte do Triângulo Mineiro.","4mf - 2 cópias","Tese"
"2736","Falcão, Maria do Carmo Brant de Carvalho - A abordagem grupal em serviço social e seu uso no meio urbano. Mestrado, 1974. PUC/SP.","3.103",101,"Falcão, Maria do Carmo Brant de Carvalho - A abordagem grupal em serviço social e seu uso no meio urbano.","3mf","Tese"
"2737","Falkembach, Elza Maria Fonseca - Funções sociais da habitação do operário de origem rural no município de Porto Alegre - Rio Grande do Sul. Mestrado, 1971. UFRS","3.104",102,"Falkembach, Elza Maria Fonseca - Funções sociais da habitação do operário de origem rural no município de Porto Alegre - Rio Grande do Sul.","3mf","Tese"
"2738","Farias, Maria Auxiliadora - A Guarda Nacional em Minas. Mestrado, 1977. UFPR.","3.105",103,"Farias, Maria Auxiliadora - A Guarda Nacional em Minas.","3mf","Tese"
"2739","Farjas, Sonia Lucia Ramalho de - Nove, novena em busca do significante perdido. Mestrado, 1975. PUC/RJ.","3.106",104,"Farjas, Sonia Lucia Ramalho de - Nove, novena em busca do significante perdido.","4mf - 2 cópias","Tese"
"2740","Fernandes, Sergio L. de C. - Os limites da linguagem e a base empírica da ciência. Mestrado, 1976. PUC/RJ.","3.107",105,"Fernandes, Sergio L. de C. - Os limites da linguagem e a base empírica da ciência.","3mf","Tese"
"2741","Ferreira, Nadia Paulo - Marginalidade e reapropriação em Oswald de Andrade. Mestrado, 1974. PUC/RJ.","3.108",106,"Ferreira, Nadia Paulo - Marginalidade e reapropriação em Oswald de Andrade.","2mf - 2 cópias","Tese"
"2742","Finageiv, Vicente - Análise econométrica da demanda de exportação de café brasileiro. Mestrado, 1976. Universidade Federal de Viçosa/MG.","3.109",107,"Finageiv, Vicente - Análise econométrica da demanda de exportação de café brasileiro.","1mf - 2 cópias","Tese"
"2743","Finker, Pedro - Psicologia clínica e educação. Mestrado, 1973. Universidade Católica do Rio Grande do Sul.","3.110",108,"Finker, Pedro - Psicologia clínica e educação.","5mf","Tese"
"2744","Flores, Moacyr - Idéias políticas da revolução farroupilha. Mestrado, 1977. PUC/RS.","3.111",109,"Flores, Moacyr - Idéias políticas da revolução farroupilha.","5mf","Tese"
"2745","Folkis, Gesiane Monteiro Branco - Como é feita a peça o juiz de paz da roça de Martins Pena. Mestrado, 1975. FFCL Sagrado Coração de Jesus - Bauru/SP.","3.112",110,"Folkis, Gesiane Monteiro Branco - Como é feita a peça o juiz de paz da roça de Martins Pena.","2mf","Tese"
"2746","Franchi, Liette Gonçalves Valente - Delimitação do conceito atual de criatividade. Implicações na área educacional e científica. Mestrado, 1972. PUC/RJ.","3.113",111,"Franchi, Liette Gonçalves Valente - Delimitação do conceito atual de criatividade. Implicações na área educacional e científica.","2mf","Tese"
"2747","Freire, Luiz Corsino - Modelo econométrico dos mercados interno e de exportação de algodão do Brasil. Mestrado, 1977. Universidade Federal de Viçosa/MG.","3.114",112,"Freire, Luiz Corsino - Modelo econométrico dos mercados interno e de exportação de algodão do Brasil.","2mf - 2 cópias","Tese"
"2748","Fröhlich, Egon Roque - Análise de conteúdo dos assuntos agrícolas e sua relevância situacional nos jornais do Estado do Rio Grande do Sul. Mestrado, 1970. UFRS.","3.115",113,"Fröhlich, Egon Roque - Análise de conteúdo dos assuntos agrícolas e sua relevância situacional nos jornais do Estado do Rio Grande do Sul.","2mf","Tese"
"2749","Frota, Maria Helena de Arantes - A repressão: um inventariante em Sombras de Reis Barbudos. Mestrado, 1976. PUC/RJ.","3.116",114,"Frota, Maria Helena de Arantes - A repressão: um inventariante em Sombras de Reis Barbudos.","2mf - 2 cópias","Tese"
"2750","Furlan, Oswaldo Antonio - A expressão estética da visão sócio-política em Incidente em Antares. Mestrado, 1976. USC.","3.117",115,"Furlan, Oswaldo Antonio - A expressão estética da visão sócio-política em Incidente em Antares.","3mf - 2 cópias","Tese"
"2751","Garcia, Fernando Coutinho - Democracia organizacional: uma visão hetorodoxa da praxis administrativa? Mestrado, 1975. UFMG.","3.118",117,"Garcia, Fernando Coutinho - Democracia organizacional: uma visão hetorodoxa da praxis administrativa?","3mf","Tese"
"2752","Garcia, João Carlos - Avaliação dos impactos do aumento na oferta de alimentos e renda sobre a nutrição humana, e suas implicações para o estabelecimento de prioridades para pesquisas agrícolas no Brasil. Mestrado, 1978. Universidade Federal de Viçosa/MG.","3.119",118,"Garcia, João Carlos - Avaliação dos impactos do aumento na oferta de alimentos e renda sobre a nutrição humana, e suas implicações para o estabelecimento de prioridades para pesquisas agrícolas no Brasil.","3mf","Tese"
"2753","Goicochea, Aurora Ribeiro de - Relações entre níveis de desenvolvimento e níveis de ""status"" sócio-econômico de duas regiões agrícolas do Estado do Paraná. Mestrado, 1977. Universidade Federal de Viçosa/MG.","3.121",120,"Goicochea, Aurora Ribeiro de - Relações entre níveis de desenvolvimento e níveis de ""status"" sócio-econômico de duas regiões agrícolas do Estado do Paraná.","2mf","Tese"
"2754","Gimenez Orihuela, Pedro Juan - Estrutura de oferta e demanda de algodão no mercado interno e de exportação do Paraguai. Mestrado, 1977. Universidade Federal de Viçosa/MG.","3.120",119,"Gimenez Orihuela, Pedro Juan - Estrutura de oferta e demanda de algodão no mercado interno e de exportação do Paraguai.","1mf","Tese"
"2755","Lima, Vivaldo da Costa - A família-de-santo nos camdoblés Jeje-Nagôs da Bahia: Um estudo de relações intra-grupais.  Mestrado, 1977. UFBA.","3.153",148,"Lima, Vivaldo da Costa - A família-de-santo nos camdoblés Jeje-Nagôs da Bahia: Um estudo de relações intra-grupais.","4mf - 3 cópias","Tese"
"2756","Lisboa Sobrinho, João - Contribuição da avicultura ao desenvolvimento da região de Viçosa-MG.  Mestrado, 1975. Universidade Federal de Viçosa/MG.","3.154",149,"Lisboa Sobrinho, João - Contribuição da avicultura ao desenvolvimento da região de Viçosa-MG.","2mf - 2 cópias","Tese"
"2757","Lobato, Helenamaria Dias Dacier - Os incentivos fiscais na Amazônia.  Mestrado, 1969. FGV/RJ.","3.155",150,"Lobato, Helenamaria Dias Dacier - Os incentivos fiscais na Amazônia.","4mf - 2 cópias","Tese"
"2758","Lobo, Luiza - Tradição e ruptura: o guesa de Souzandrade.  Mestrado, 1976. PUC/RJ.","3.156",151,"Lobo, Luiza - Tradição e ruptura: o guesa de Souzandrade.","3mf - 2 cópias","Tese"
"2759","Lopes, José Sérgio Leite. O vapor do diabo: o trabalho dos operários do açucar.  Mestrado, 1974. UFRJ.","3.157",152,"Lopes, José Sérgio Leite. O vapor do diabo: o trabalho dos operários do açucar.","6mf - 3 cópias","Tese"
"2760","Machado, Ana Maria Alvares - Processo e orientação vocacional e crise de identidade da adolescência. Mestrado, 1973. PUC/RJ.","3.158",154,"Machado, Ana Maria Alvares - Processo e orientação vocacional e crise de identidade da adolescência.","2mf","Tese"
"2761","Machado, Geraldo Pinheiro - A crítica filosófica e o livro Fatos do Espírito Humano de Gonçalves de Magalhães. Doutorado, 1974. PUC/SP.","3.159",155,"Machado, Geraldo Pinheiro - A crítica filosófica e o livro Fatos do Espírito Humano de Gonçalves de Magalhães.","3mf - 2 cópias","Tese"
"2762","Maciel Filho, Érico - A extinção de tratado-contrato bilateral celebrado entre estados membros da ONU. Licenciatura, 1959. URS.","3.160",156,"Maciel Filho, Érico - A extinção de tratado-contrato bilateral celebrado entre estados membros da ONU.","2mf","Tese"
"2763","Moises, Massaud - A patologia social de Abel Botelho. Licenciatura, 1958. USP","3.180",176,"Moises, Massaud - A patologia social de Abel Botelho.","2mf - 2 cópias","Tese"
"2764","Monaco, Jose Mauro Galvão del - Pagamentos na ALALC. Pós-Graduação, 1969. FGV/SP.","3.181",177,"Monaco, Jose Mauro Galvão del - Pagamentos na ALALC.","2mf","Tese"
"2765","Montagner, Delvair - Aspectos da atual organização social dos Kaingang paulistas. Mestrado, 1972. USP.","3.182",178,"Montagner, Delvair - Aspectos da atual organização social dos Kaingang paulistas.","4mf","Tese"
"2766","Monte, Francisco Fernando Ribeiro - Aspectos econômicos da produção de frangos-de-corte no Recôncavo Baiano - 1972. Mestrado, 1973. UFCE.","3.183",179,"Monte, Francisco Fernando Ribeiro - Aspectos econômicos da produção de frangos-de-corte no Recôncavo Baiano - 1972.","3mf","Tese"
"2767","Monteiro, Irma Chaves Pessoa - A traição da linguagem (uma análise da poesia de Carlos Pena Filho). Mestrado, 1976. PUC/RJ.","3.184",180,"Monteiro, Irma Chaves Pessoa - A traição da linguagem (uma análise da poesia de Carlos Pena Filho).","3mf - 2 cópias","Tese"
"2768","Monteiro, Maria José Cyhlar - Avaliação econométrica de políticas alternativas visando à auto-suficência na produção de borracha vegetal. Mestrado, 1976. Universidade Federal de Viçosa/MG.","3.185",181,"Monteiro, Maria José Cyhlar - Avaliação econométrica de políticas alternativas visando à auto-suficência na produção de borracha vegetal.","1mf - 2 cópias","Tese"
"2769","Montoro Filho, André Franco - A aviação no Brasil. Mestrado, 1969. FGV/RJ.","3.186",182,"Montoro Filho, André Franco - A aviação no Brasil.","1mf - 2 cópias","Tese"
"2770","Moraes, Eduardo Jardim de - A brasilidade modernista - sua dimensão filosófica. Mestrado, 1976. PUC/RJ.","3.187",183,"Moraes, Eduardo Jardim de - A brasilidade modernista - sua dimensão filosófica.","4mf - 2 cópias","Tese"
"2771","Morosini, Marília da Costa - Estudo comparativo de fertilidade em áreas rurais. Mestrado, 1975. UFRS.","3.188",184,"Morosini, Marília da Costa - Estudo comparativo de fertilidade em áreas rurais.","3mf","Tese"
"2772","Moura, Severina Guedes de - Uma abordagem sobre localização industrial - aplicação aos setores textil e de extração de óleos e/ou de beneficiamento de algodão do Estado da Paraíba. Mestrado, 1976. UFMG.","3.189",185,"Moura, Severina Guedes de - Uma abordagem sobre localização industrial - aplicação aos setores textil e de extração de óleos e/ou de beneficiamento de algodão do Estado da Paraíba.","5mf - 2 cópias","Tese"
"2773","Muchail, Salma Tannus - Maurice Nedoncelle ou a filosofia do equilíbrio. Doutorado, 1973. PUC/RJ.","3.190",186,"Muchail, Salma Tannus - Maurice Nedoncelle ou a filosofia do equilíbrio.","4mf","Tese"
"2774","Namekata, Yoshio - Modelos alternativos de oferta: o caso dos citros no Estado de São Paulo. Mestrado, 1977. Universidade Federal de Viçosa/MG.","3.191",187,"Namekata, Yoshio - Modelos alternativos de oferta: o caso dos citros no Estado de São Paulo.","2mf","Tese"
"2775","Nascimento, Flávio do - Lima Barreto: espaço interno. Mestrado, 1977. PUC/RJ.","3.192",188,"Nascimento, Flávio do - Lima Barreto: espaço interno.","2mf - 2 cópias","Tese"
"2776","Navarro, Maria Alice Magalhães - Noção de ritmo na criança. Mestrado, 1979. USP.","3.193",189,"Navarro, Maria Alice Magalhães - Noção de ritmo na criança.","2mf","Tese"
"2777","Nazareth, Paulo Buarque de - Investimentos em transportes, aceleração e desenvolvimento econômico - caso especial dos tranportes rodoviários. Mestrado, 1969. FGV/RJ.","3.194",190,"Nazareth, Paulo Buarque de - Investimentos em transportes, aceleração e desenvolvimento econômico - caso especial dos tranportes rodoviários.","3mf - 2 cópias","Tese"
"2778","Neves, Noemia Pereira - Tentativa de sistematização preliminar de alguns elementos teórico-práticos para referenciar a intervenção de Serviço Social no campo da educação especial, na área do retardamento mental educável. Mestrado, 1976, PUC/SP.","3.195",191,"Neves, Noemia Pereira - Tentativa de sistematização preliminar de alguns elementos teórico-práticos para referenciar a intervenção de Serviço Social no campo da educação especial, na área do retardamento mental educável.","4mf","Tese"
"2779","Noronha, Ronaldo de - Orientações políticas dos setores médios. Mestrado, 1971. UFMG.","3.196",193,"Noronha, Ronaldo de - Orientações políticas dos setores médios.","2mf - 2 cópias","Tese"
"2780","Noskoski, Carlos - Análise econômica do uso de corretivos na cultura do trigo, safra 1969 - Ibirubá-RS. Mestrado, 1969. UFRS","3.197",192,"Noskoski, Carlos - Análise econômica do uso de corretivos na cultura do trigo, safra 1969 - Ibirubá-RS.","2mf - 2 cópias","Tese"
"2781","Nunes, Edson de Oliveira - A divisão do trabalho e a rotina da pesquisa. Mestrado, 1977. Inst.Univers.Pesquisas do Rio de Janeiro.","3.198",194,"Nunes, Edson de Oliveira - A divisão do trabalho e a rotina da pesquisa.","3mf - 3 cópias","Tese"
"2782","Oliveira, Betty Antunes de - Implicações filosóficas da tecnologia educacional: uma experiência brasileira. Mestrado, 1974. Instituto Educacional Piracicabano/SP.","3.199",195,"Oliveira, Betty Antunes de - Implicações filosóficas da tecnologia educacional: uma experiência brasileira.","3mf","Tese"
"2783","Oliveira, Ernani Tadeu de - Análise da estrutura patrimonial utilizada por indústrias madeireiras do Estado do Rio Grande do Sul. Mestrado, 1976. UFRS.","3.200",196,"Oliveira, Ernani Tadeu de - Análise da estrutura patrimonial utilizada por indústrias madeireiras do Estado do Rio Grande do Sul.","2mf","Tese"
"2784","Oliveira, Fernando Antonio Leite de - Um estudo sobre forças em direção à participação de alunos em escolas grandes e pequenas. Mestrado, 1976. PUC/SP.","3.201",197,"Oliveira, Fernando Antonio Leite de - Um estudo sobre forças em direção à participação de alunos em escolas grandes e pequenas.","3mf","Tese"
"2785","Oliveira, Hélio José de - Leasing; modalidades e técnicas financeiras. Mestrado, 1974. UFRS.","3.202",198,"Oliveira, Hélio José de - Leasing; modalidades e técnicas financeiras.","3mf","Tese"
"2786","Oliveira, Ivany Lessa Baptista de - Affonso Ávila: reapropriação da discursividade. Mestrado, 1974. PUC/RJ.","3.203",199,"Oliveira, Ivany Lessa Baptista de - Affonso Ávila: reapropriação da discursividade.","2mf - 2 cópias","Tese"
"2787","Oliveira, José Nicácio de - O desafio maltusiano. Mestrado, 1964. Escola de Administração do Ceará.","3.204",200,"Oliveira, José Nicácio de - O desafio maltusiano.","1mf - 2 cópias","Tese"
"2788","Oliveira, Luiza Goes de - Excedente de mão-de-obra e desenvolvimento agrícola: o caso do Amazonas. Mestrado, 1976. Universidade Federal de Viçosa/MG.","3.205",201,"Oliveira, Luiza Goes de - Excedente de mão-de-obra e desenvolvimento agrícola: o caso do Amazonas.","2mf - 2 cópias","Tese"
"2789","Oliveira, Maria Niédia Leite de - Embu e sua participação no conjunto da faixa periférica da metrópole paulistana. Mestrado, 1972. FFCH/USP.","3.206",202,"Oliveira, Maria Niédia Leite de - Embu e sua participação no conjunto da faixa periférica da metrópole paulistana.","4mf - 3 cópias","Tese"
"2790","Pereira, Maria Rachel de Abreu Lima E. - Retórica e verdade in O Amanuense Belmiro. Mestrado, 1976. PUC/RJ.","3.207",216,"Pereira, Maria Rachel de Abreu Lima E. - Retórica e verdade in O Amanuense Belmiro.","3mf - 2 cópias","Tese"
"2791","Oliveira, Maria Rosa Duarte de - A escritura semiótica de Memória Póstumas de Brás Cubas. 1975. PUC/SP.","3.208",203,"Oliveira, Maria Rosa Duarte de - A escritura semiótica de Memória Póstumas de Brás Cubas.","4mf","Tese"
"2792","Ono, Urana Harada - A função do Assistente Social no setor de bem-estar público (uma experiência de investigação em Serviço Social). Mestrado, 1975. PUC/SP.","3.209",204,"Ono, Urana Harada - A função do Assistente Social no setor de bem-estar público (uma experiência de investigação em Serviço Social).","4mf","Tese"
"2793","Panchamé, Geraldo Robleda - Fatores comunitários que afetam a participação camponesa na realização da reforma agrária hondurenha, nos anos 1972-74. Mestrado, 1978. Universidade Federal de Viçosa/MG.","3.210",207,"Panchamé, Geraldo Robleda - Fatores comunitários que afetam a participação camponesa na realização da reforma agrária hondurenha, nos anos 1972-74.","2mf","Tese"
"2794","Pandolfo, Hermes João - A aprendizagem centrada no educando. Mestrado, 1974. PUC/RS.","3.211",208,"Pandolfo, Hermes João - A aprendizagem centrada no educando.","2mf","Tese"
"2795","Paviani, Jayme - Fundamentos da semântica. Mestrado, 1976. PUC/RS.","3.212",209,"Paviani, Jayme - Fundamentos da semântica.","2mf","Tese"
"2796","Pecego, Heloisa Toller Gomes - A arquitetura do poder: Fogo Morto e Absolom, Absolom. Mestrado, 1976. PUC/RJ.","3.213",210,"Pecego, Heloisa Toller Gomes - A arquitetura do poder: Fogo Morto e Absolom, Absolom.","3mf - 2 cópias","Tese"
"2797","Pena, Maria Valéria Junho - Setor empresarial e poder político em uma área dependente. Mestrado, 1971. UFMG.","3.214",211,"Pena, Maria Valéria Junho - Setor empresarial e poder político em uma área dependente.","2mf - 2 cópias","Tese"
"2798","Pereira, Ana Maria Lopes - J.J.Veiga: o real, o imaginário e o outro lado. Mestrado, 1976. PUC/RJ.","3.215",212,"Pereira, Ana Maria Lopes - J.J.Veiga: o real, o imaginário e o outro lado.","4mf - 2 cópias","Tese"
"2799","Pereira, José Reis - Proposta de sistematização da sintaxe da língua portuguesa. Mestrado, 1976. PUC/RJ.","3.216",213,"Pereira, José Reis - Proposta de sistematização da sintaxe da língua portuguesa.","3mf","Tese"
"2800","Pereira, Ligia Maria Leite - Experimentação numérica com modelo de desenvolvimento nacional. Mestrado, 1974. UFMG.","3.217",214,"Pereira, Ligia Maria Leite - Experimentação numérica com modelo de desenvolvimento nacional.","2mf - 2 cópias","Tese"
"2801","Pereira, Maria Lilia Campello Rodrigues - A reciprocidade no processo de adaptação escolar. Mestrado, 1972. PUC/RJ.","3.218",215,"Pereira, Maria Lilia Campello Rodrigues - A reciprocidade no processo de adaptação escolar.","1mf","Tese"
"2802","Pereira, Raimundo Rodrigues - Sistemas de produção em pecuária de corte na Zona do Rio Doce, Estado de Minas Gerais. Mestrado, 1976. Universidade Federal de Viçosa/MG.","3.219",217,"Pereira, Raimundo Rodrigues - Sistemas de produção em pecuária de corte na Zona do Rio Doce, Estado de Minas Gerais.","3mf","Tese"
"2803","Pereira, Sonia Maria Pessoa - Fatores sócio-econômicos e sócio-psicológicos relacionados com a alienação em duas regiões agrícolas com diferentes graus de modernização no Estado do Paraná. Mestrado, 1976. Universidade Federal de Viçosa/MG.","3.220",218,"Pereira, Sonia Maria Pessoa - Fatores sócio-econômicos e sócio-psicológicos relacionados com a alienação em duas regiões agrícolas com diferentes graus de modernização no Estado do Paraná.","2mf","Tese"
"2804","Pinheiro, Paulo Pedro - Terra sem música: costura e sobrevivência da narrativa. Mestrado, 1975. PUC/RJ.","3.221",219,"Pinheiro, Paulo Pedro - Terra sem música: costura e sobrevivência da narrativa.","2mf - 2 cópias","Tese"
"2805","Pinto, Leonel C. - O índice de agradabilidade no processo de aprendizagem. Mestrado, 1974. PUC/RS.","3.222",220,"Pinto, Leonel C. - O índice de agradabilidade no processo de aprendizagem.","2mf","Tese"
"2806","Pizzinatto, Nadia Kassouf - O impacto da televisão comercial sobre os investimento de propaganda nas demais mídias. Mestrado, 1974. FGV/SP.","3.223",221,"Pizzinatto, Nadia Kassouf - O impacto da televisão comercial sobre os investimento de propaganda nas demais mídias.","1mf","Tese"
"2807","Poli, João Batista E. H. - Descrição e análise das rendas em relação ao uso de empréstimos em pequenas propriedades rurais: Lajeado - Rio Grande do Sul. Mestrado, 1967. UFRS.","3.224",222,"Poli, João Batista E. H. - Descrição e análise das rendas em relação ao uso de empréstimos em pequenas propriedades rurais: Lajeado - Rio Grande do Sul.","3mf","Tese"
"2808","Pucci, Bruno - Por uma praxis educacional da comunicação e expressão. Mestrado, 1976. Universidade Metodista de Piracicaba/SP.","3.225",223,"Pucci, Bruno - Por uma praxis educacional da comunicação e expressão.","2mf","Tese"
"2809","Schmidt, Benício Viero - Um teste de duas estratégias políticas: a dependência e a autonomia. Mestrado, 1970. UFMG.","3.353",253,"Schmidt, Benício Viero - Um teste de duas estratégias políticas: a dependência e a autonomia.","2mf - 2 cópias","Tese"
"2810","Schreiber, José Gentil - Análise de custo-benefício do Programa Uno - União Nordestina de Assistência a pequenas organizações. Mestrado, 1975. UFPE.","3.354",254,"Schreiber, José Gentil - Análise de custo-benefício do Programa Uno - União Nordestina de Assistência a pequenas organizações.","2mf - 2 cópias","Tese"
"2811","Schuch Jr., Vitor Francisco. Egressos do curso de administração da UFSM e o mercado de trabalho. Mestrado, 1976. UFRS.","3.355",255,"Schuch Jr., Vitor Francisco. Egressos do curso de administração da UFSM e o mercado de trabalho.","3mf - 2 cópias","Tese"
"2812","Schuck, José Hilário - Eficiência no uso da terra e das práticas agrícolas na produção de trigo, soja e milho - Ibirubá, RS. Pós-Graduação, 1972. UFRS.","3.356",256,"Schuck, José Hilário - Eficiência no uso da terra e das práticas agrícolas na produção de trigo, soja e milho - Ibirubá, RS.","3mf","Tese"
"2813","Secco, Carmem Lucia Tindó Ribeiro - Morte e prazer no espaço ficcional de dentro da noite. Mestrado, 1976. PUC/RJ.","3.357",257,"Secco, Carmem Lucia Tindó Ribeiro - Morte e prazer no espaço ficcional de dentro da noite.","3mf - 2 cópias","Tese"
"2814","Segolin, Fernando - Personagem e anti-personagem: da ação função ao texto. Mestrado, 1975. PUC/SP.","3.358",258,"Segolin, Fernando - Personagem e anti-personagem: da ação função ao texto.","3mf","Tese"
"2815","Selbach, Jacob Christiano - A suinocultura a nível de empresa-Ibirubá/RS. Pós-Graduação, 1971. UFRS.","3.359",259,"Selbach, Jacob Christiano - A suinocultura a nível de empresa-Ibirubá/RS.","3mf","Tese"
"2816","Severino, Joaquim - A erradicação do café e a recombinação de explorações agropecuárias em empresas dos municípios de Cornélio Procópio e Loanda, Estado do Paraná. Mestrado, 1972. Universidade Federal de Viçosa/MG.","3.360",260,"Severino, Joaquim - A erradicação do café e a recombinação de explorações agropecuárias em empresas dos municípios de Cornélio Procópio e Loanda, Estado do Paraná.","3mf - 2 cópias","Tese"
"2817","Silva, Antonio de Rezende - O tomismo aberto de Van Acker. Um instrumento heurístico do saber contemporâneo. Mestrado, 1977. PUC/RJ.","3.361",261,"Silva, Antonio de Rezende - O tomismo aberto de Van Acker. Um instrumento heurístico do saber contemporâneo.","4mf - 3 cópias","Tese"
"2818","Silva, Célio Pereira da - A experiência liberal na Colômbia: 1848-1886. Mestrado, 1976. UFF/RJ.","3.362",262,"Silva, Célio Pereira da - A experiência liberal na Colômbia: 1848-1886.","3mf","Tese"
"2819","Silva, Gelson José da - Marchas e contramarchas do mandonismo local - Caeté: um estudo do caso. Mestrado, 1972. UFMG.","3.363",263,"Silva, Gelson José da - Marchas e contramarchas do mandonismo local - Caeté: um estudo do caso.","3mf - 2 cópias","Tese"
"2820","Silva, Julio Cesar da - O conto de Monteiro Lobato: análise semiológica. Mestrado, 1977. PUC/RJ.","3.364",264,"Silva, Julio Cesar da - O conto de Monteiro Lobato: análise semiológica.","3mf","Tese"
"2821","Silva, Mariza Pires Ferreira do Nascimento - Aspectos da colocação do pronomes clíticos no dialeto do português falado na cidade do Rio de Janeiro, numa abordagem transformacional. Mestrado, 1974. PUC/RJ.","3.365",265,"Silva, Mariza Pires Ferreira do Nascimento - Aspectos da colocação do pronomes clíticos no dialeto do português falado na cidade do Rio de Janeiro, numa abordagem transformacional.","3mf","Tese"
"2822","Silva, Moacyr da - Estudo da opinião dos professores sobre o Curso de Férias referente à ""Guias Curriculares"". Mestrado, 1977. PUC/SP.","3.366",266,"Silva, Moacyr da - Estudo da opinião dos professores sobre o Curso de Férias referente à ""Guias Curriculares"".","3mf","Tese"
"2823","Silva, Nilza Maria Leal - O coelacanto: uma parábola do homem. Mestrado, 1974. PUC/RJ.","3.367",267,"Silva, Nilza Maria Leal - O coelacanto: uma parábola do homem.","2mf - 2 cópias","Tese"
"2824","Silva, Yeda Roesch da - A instabilidade emocional dos adolescentes da quarta série ginasial. Licenciatura, 1974. PUC/RS.","3.368",268,"Silva, Yeda Roesch da - A instabilidade emocional dos adolescentes da quarta série ginasial.","4mf","Tese"
"2825","Silveira, Alcir Leopoldo Dias da - História do verbo ser: do latim ao português. Mestrado, 1975. PUC/RJ.","3.369",269,"Silveira, Alcir Leopoldo Dias da - História do verbo ser: do latim ao português.","2mf","Tese"
"2826","Silveira, Jorge Fernandes da - O inscrito e o escrito: uma leitura da poesia de Fiama Hasse Pais Brandão. Mestrado, 1974. PUC/RJ.","3.370",270,"Silveira, Jorge Fernandes da - O inscrito e o escrito: uma leitura da poesia de Fiama Hasse Pais Brandão.","2mf - 2 cópias","Tese"
"2827","Sipavicius, Nympha Aparecida Alvarenga - O uso de ""fading"" em aquisição e reversão de discriminação e seus efeitos sobre discriminação condicional posterior. Mestrado, 1974. PUC/SP.","3.371",271,"Sipavicius, Nympha Aparecida Alvarenga - O uso de ""fading"" em aquisição e reversão de discriminação e seus efeitos sobre discriminação condicional posterior.","1mf","Tese"
"2828","Siqueira, Edmar Ramos de - Estimativa de parâmetros genéticos de seringueira (Hevea sp.) em condicões de viveiro. Mestrado, 1978. Universidade Federal de Viçosa/MG.","3.372",272,"Siqueira, Edmar Ramos de - Estimativa de parâmetros genéticos de seringueira (Hevea sp.) em condicões de viveiro.","1mf","Tese"
"2829","Soares, Guido Fernando Silva - Contribuição ao estudo da política nuclear brasileira. Mestrado, 1974. PUC/SP.","3.373",273,"Soares, Guido Fernando Silva - Contribuição ao estudo da política nuclear brasileira.","6mf","Tese"
"2830","Souto, Brites Gondra de - Estudo da população de dois bairros da periferia do município de São Paulo, situados na Administração Regional de Campo Limpo em relação a: nível de conhecimento da infra-estrutura, dos serviços e recursos existentes; participação associativa; solução de problemas comuns. Mestrado, 1977. PUC/SP.","3.374",274,"Souto, Brites Gondra de - Estudo da população de dois bairros da periferia do município de São Paulo, situados na Administração Regional de Campo Limpo em relação a: nível de conhecimento da infra-estrutura, dos serviços e recursos existentes; participação associativa; solução de problemas comuns.","4mf - 2 cópias","Tese"
"2831","Souto, Maria do Socorro Márcia Lopes - Análise da influência das entradas e componentes do sistema de produção sobre a produtividade das empresas. Mestrado, 1978. UFSC.","3.375",275,"Souto, Maria do Socorro Márcia Lopes - Análise da influência das entradas e componentes do sistema de produção sobre a produtividade das empresas.","2mf - 2 cópias","Tese"
"2832","Souza, Eneida Maria de - A barca dos homens: a viagem e o rito. Mestrado, 1973. PUC/SP.","3.376",277,"Souza, Eneida Maria de - A barca dos homens: a viagem e o rito.","3mf - 2 cópias","Tese"
"2833","Souza, Isabel Ribeiro de Oliveira Gomes de - O incrementalismo e a política orçamentária brasileira. Mestrado, 1974. FCM/RJ.","3.377",278,"Souza, Isabel Ribeiro de Oliveira Gomes de - O incrementalismo e a política orçamentária brasileira.","2mf - 2 cópias","Tese"
"2834","Souza, José Carlos Weyrauch - Análise da demanda cinematográfica em Porto Alegre. Mestrado, 1977. UFRS.","3.378",279,"Souza, José Carlos Weyrauch - Análise da demanda cinemtográfica em Porto Alegre.","4mf","Tese"
"2835","Souza, Luiz Marques de - Léxico e cultura. Mestrado, 1977. PUC/RJ.","3.379",280,"Souza, Luiz Marques de - Léxico e cultura.","2mf","Tese"
"2836","Souza, Maria Aparecida de - La crise du systeme representatif au Brésil (1954-1964). Mestrado, 1990. Doctorat Nouveau Régime. Université de Lille.","3.380",281,"Souza, Maria Aparecida de - La crise du systeme representatif au Brésil (1954-1964).","2mf","Tese"
"2837","Souza, Maria de Lourdes - A procura da identidade em Lourenço e nome de jogral de Fernanda Botelho. Mestrado, 1975. PUC/RJ.","3.381",282,"Souza, Maria de Lourdes - A procura da identidade em Lourenço e nome de jogral de Fernanda Botelho.","2mf - 2 cópias","Tese"
"2838","Souza, Maria Victoria Borges Dias de - A fenomenologia segundo Maurice Merleau-Ponty face à lingüistica de Ferdinand de Saussure. Mestrado, 1977. PUC/RJ.","3.382",283,"Souza, Maria Victoria Borges Dias de - A fenomenologia segundo Maurice Merleau-Ponty face à lingüistica de Ferdinand de Saussure.","2mf","Tese"
"2839","Souza, Santinho Ferreira de - Produção/descrição/prescrição/três abordagens de ensino. Mestrado, 1977. PUC/RJ.","3.383",284,"Souza, Santinho Ferreira de - Produção/descrição/prescrição/três abordagens de ensino.","2mf","Tese"
"2840","Souza Filho, Danilo Marcondes de - Filosofia da linguagem e discurso político. Uma aplicação do método da análise da linguagem ordinária a uma questão de filosofia política. Mestrado, 1977. PUC/RJ.","3.384",276,"Souza Filho, Danilo Marcondes de - Filosofia da linguagem e discurso político. Uma aplicação do método da análise da linguagem ordinária a uma questão de filosofia política.","2mf - 2 cópias","Tese"
"2841","Spina, Segismundo. Fenômenos formais da poesia primitiva. Doutorado, 1951. USP.","3.385",285,"Spina, Segismundo. Fenômenos formais da poesia primitiva.","2mf - 2 cópias","Tese"
"2842","Sposati, Aldaiza de Oliveira - Estudo do ensino de planejamento na formação do Assistente Social. Mestrado,  1976. PUC/SP.","3.386",286,"Sposati, Aldaiza de Oliveira - Estudo do ensino de planejamento na formação do Assistente Social.","4mf","Tese"
"2843","Stefanello, Antoninho Pegoraro - O homem, um ser em trânsito. Perspectivas de Gabriel Marcel. Mestrado, 1976. Universidade de Santa Maria/RS.","3.387",287,"Stefanello, Antoninho Pegoraro - O homem, um ser em trânsito. Perspectivas de Gabriel Marcel.","2mf - 2 cópias","Tese"
"2844","Suzigans, Wilson - O processo de substituição de importações no Brasil. Mestrado, 1968. FGV/RJ.","3.388",288,"Suzigans, Wilson - O processo de substituição de importações no Brasil.","1mf - 2 cópias","Tese"
"2845","Tafani, Ricardo Rodolfo - Avaliação econômica da introdução de novas tecnologias na cultura do cacau no Brasil. Mestrado, 1976. Universidade Federal de Viçosa/MG.","3.389",289,"Tafani, Ricardo Rodolfo - Avaliação econômica da introdução de novas tecnologias na cultura do cacau no Brasil.","4mf","Tese"
"2846","Tarandach, Ester Rosenberg - Caracterização do desempenho profissional do Assistente Social, no estudo e diagnóstico psicosocial da família numa clínica psicológica de atendimento ao menor. Mestrado, 1977. PUC/SP.","3.390",290,"Tarandach, Ester Rosenberg - Caracterização do desempenho profissional do Assistente Social, no estudo e diagnóstico psicosocial da família numa clínica psicológica de atendimento ao menor.","5mf","Tese"
"2847","Tarifa, José Roberto - Sucessão de tipos de tempo e variação do balanço hídrico no Extremo Oeste paulista. (Ensaio metodológico aplicado ao ano agrícola de 1968/1969). Mestrado, 1973. USP.","3.391",291,"Tarifa, José Roberto - Sucessão de tipos de tempo e variação do balanço hídrico no Extremo Oeste paulista. (Ensaio metodológico aplicado ao ano agrícola de 1968/1969).","2mf - 2 cópias","Tese"
"2848","Tavares Junior, Luiz - Miramar e Serafim: um exercício de leitura. Mestrado, 1974. PUC/RJ.","3.392",292,"Tavares Junior, Luiz - Miramar e Serafim: um exercício de leitura.","2mf","Tese"
"2849","Taveira, Tácito Cláudio Andrade - Análise da localização da produção agrícola em relação ao mercado de Juiz de Fora - Minas Gerais. Mestrado, 1976. Universidade Federal de Viçosa/MG.","3.393",293,"Taveira, Tácito Cláudio Andrade - Análise da localização da produção agrícola em relação ao mercado de Juiz de Fora - Minas Gerais.","3mf","Tese"
"2850","Teixeira, Glória Zélia - Análise comparativa entre métodos e técnicas de descoberta de líderes, Viçosa - MG - 1967. Mestrado, 1969. Universidade Federal de Viçosa/MG.","3.394",294,"Teixeira, Glória Zélia - Análise comparativa entre métodos e técnicas de descoberta de líderes, Viçosa - MG - 1967.","2mf","Tese"
"2851","Toledos, Eros Ferreira de - Atitude de criadores de bovinos de corte com relação à vacina anti-aftosa em dois municípios de Minas Gerais. Mestrado, 1976. Universidade Federal de Viçosa/MG.","3.395",295,"Toledos, Eros Ferreira de - Atitude de criadores de bovinos de corte com relação à vacina anti-aftosa em dois municípios de Minas Gerais.","2mf","Tese"
"2852","Troller, Neiva - O papel da comunicação coletiva na modernização dos agricultores. Pós-Graduação. 1969. Universidade Federal de Viçosa/MG.","3.396",296,"Troller, Neiva - O papel da comunicação coletiva na modernização dos agricultores.","2mf","Tese"
"2853","Vaccani, Celita - O aspecto artístico do baixo relevo. Licenciatura, 1952. Universidade do Brasil - Escola Nacional de Belas Artes/RJ.","3.397",297,"Vaccani, Celita - O aspecto artístico do baixo relevo.","2mf","Tese"
"2854","Vaisbich, Stella - Tipologia de diagnóstico em serviço social de caso. Mestrado, 1975. PUC/SP.","3.398",298,"Vaisbich, Stella - Tipologia de diagnóstico em serviço social de caso.","3mf","Tese"
"2855","Valladares, Maria Theresinha do Prado - Inês - a mais de mil. Mestrado, 1976. PUC/RJ.","3.399",299,"Valladares, Maria Theresinha do Prado - Inês - a mais de mil.","3mf - 2 cópias","Tese"
"2856","Varella, Danila Carneiro da Cunha Luz - Edição crítica em Bulha d'Arroio. Mestrado, 1976. UFSC.","3.400",300,"Varella, Danila Carneiro da Cunha Luz - Edição crítica em Bulha d'Arroio.","7mf - 2 cópias","Tese"
"2857","Vasconcelos, José Raimundo Pereira - Influência do crédito rural na adoção de práticas agrícolas pelos citricultores sergipanos. Mestrado, 1976. Universidade Federal de Viçosa/MG.","3.401",301,"Vasconcelos, José Raimundo Pereira - Influência do crédito rural na adoção de práticas agrícolas pelos citricultores sergipanos.","2mf","Tese"
"2858","Velho, Teresa de Jesus Pacheco Rodrigues - A morte - uma variante na obra de Conélio Penna. Mestrado, 1973. PUC/RJ.","3.402",302,"Velho, Teresa de Jesus Pacheco Rodrigues - A morte - uma variante na obra de Conélio Penna.","3mf - 2 cópias","Tese"
"2859","Veloso, Humberto - Opções tecnológicas e desenvolvimento econômico. Mestrado, 1969. FGV - Esc. de Pós-Graduação Econ./RJ.","3.403",303,"Veloso, Humberto - Opções tecnológicas e desenvolvimento econômico.","1mf - 2 cópias","Tese"
"2860","Veloso, Marlene Mendes - Edição crítica de Crisálidas e Falenas de Machado Assis. Mestrado, 1976. UFF/RJ.","3.404",304,"Veloso, Marlene Mendes - Edição crítica de Crisálidas e Falenas de Machado Assis.","4mf - 2 cópias","Tese"
"2861","Veras, Francisca Siqueira - O controle e a avaliação no Serviço Social do INPS: sua operacionalização na Subsecretaria do Bem Estar em São Paulo. Mestrado, 1976. PUC/SP.","3.405",305,"Veras, Francisca Siqueira - O controle e a avaliação no Serviço Social do INPS: sua operacionalização na Subsecretaria do Bem Estar em São Paulo.","4mf","Tese"
"2862","Vieira, Balbina Ottoni - Formação de supervisores em vinte e uma escolas de Serviço Social no Brasil. Mestrado, 1972. PUC/SP.","3.406",306,"Vieira, Balbina Ottoni - Formação de supervisores em vinte e uma escolas de Serviço Social no Brasil.","3mf","Tese"
"2863","Vieira, Rita de Cássia Milagres Teixeira - Análise econômica do uso de fertilizantes em milho, com referência às políticas do Pólocentro. Mestrado, 1977. Universidade Federal de Viçosa/MG.","3.407",307,"Vieira, Rita de Cássia Milagres Teixeira - Análise econômica do uso de fertilizantes em milho, com referência às políticas do Pólocentro.","2mf","Tese"
"2864","Vilanova, Wilson - Seguro de vida individual cobrindo o risco de débito hipotecário. Doutorado, 1973. PUC/SP.","3.408",308,"Vilanova, Wilson - Seguro de vida individual cobrindo o risco de débito hipotecário.","1mf","Tese"
"2865","Villela, Heloisa Souza Lima - Aprendizagem do uso profissional do ""eu"" em Serviço Social de grupo. Mestrado, 1974. PUC/RJ.","3.409",309,"Villela, Heloisa Souza Lima - Aprendizagem do uso profissional do ""eu"" em Serviço Social de grupo.","3mf","Tese"
"2866","Vivas, Adilson Barreto - Influência das decisões de produção e consumo sobre os padrões nutricionais de agricultores de subsistência: Estudo de casos no Estado do Espírito Santo. Mestrado, 1977. Universidade Federal de Viçosa/MG.","3.410",310,"Vivas, Adilson Barreto - Influência das decisões de produção e consumo sobre os padrões nutricionais de agricultores de subsistência: Estudo de casos no Estado do Espírito Santo.","2mf","Tese"
"2867","Walmskey, Vernon Turner - Os determinantes da produtividade média do trabalho na Indústria de Transformação do Brasil. Mestrado, 1975. UFPE.","3.411",311,"Walmskey, Vernon Turner - Os determinantes da produtividade média do trabalho na Indústria de Transformação do Brasil.","2mf - 2 cópias","Tese"
"2868","Westrupp, Antônio Getúlio - Sistema de informação de recursos humanos para a Secretaria da Saúde do Estado de Santa Catarina. Mestrado, 1976. UFRS.","3.412",312,"Westrupp, Antônio Getúlio - Sistema de informação de recursos humanos para a Secretaria da Saúde do Estado de Santa Catarina.","4mf","Tese"
"2869","Willadino, Gildo - A Quarta Cruzada: problemática política e suas conotações. Doutorado, 1968. UnB/DF.","3.413",313,"Willadino, Gildo - A Quarta Cruzada: problemática política e suas conotações.","3mf - 2 cópias","Tese"
"2870","Yasbeck, Maria Carmelita - Estudo da evolução histórica da Escola de Serviço Social de São Paulo. Mestrado, 1977. PUC/SP.","3.414",315,"Yasbeck, Maria Carmelita - Estudo da evolução histórica da Escola de Serviço Social de São Paulo.","2mf","Tese"
"2871","Zandonadi, Renato - Rentabilidade e risco associados à incorporação de novas tecnologias na pecuária de leite. Mestrado, 1975. Universidade Federal de Viçosa/MG.","3.415",317,"Zandonadi, Renato - Rentabilidade e risco associados à incorporação de novas tecnologias na pecuária de leite.","2mf","Tese"
