"nid","title","upload","upload","upload","upload","upload","upload","upload","upload","upload","upload","upload","upload","upload","upload","upload","upload","upload","upload","upload","upload","upload","upload","upload","upload","upload","upload","upload","upload","upload","upload","upload","upload","upload","upload","upload","upload","upload","upload","upload","upload","upload","upload","upload","upload","upload","upload","upload","upload","upload","upload","upload","upload","upload","upload","upload","upload","upload","upload","upload","upload","upload","upload","upload","upload","upload","upload","upload","upload"
1245,"CURSO DE INGLÊS PARA FUNCIONÁRIOS USP","","","","","","","","http://d6clinguas.fflch.usp.br/sites/d6clinguas.fflch.usp.br//files/A2-B1 (pré-intermediário) – Módulo 1.pdf","http://d6clinguas.fflch.usp.br/sites/d6clinguas.fflch.usp.br//files/INGLÊS PARA FUNCIONÁRIOS USP_ C1.pdf","http://d6clinguas.fflch.usp.br/sites/d6clinguas.fflch.usp.br//files/Nível C1 (avançado) – Módulo 1     2ª e 4ª 12h-13h30.pdf","","","http://d6clinguas.fflch.usp.br/sites/d6clinguas.fflch.usp.br//files/Nível A1 (elementar) –  Módulo 1     3ª e 5ª 12h-13h30.pdf","http://d6clinguas.fflch.usp.br/sites/d6clinguas.fflch.usp.br//files/Nível A1 (elementar) –  Módulo 2    2ª e 4ª 17h-18h30  Kelly.pdf","http://d6clinguas.fflch.usp.br/sites/d6clinguas.fflch.usp.br//files/Nível A1-A2 (básico) – Módulo 2.pdf","http://d6clinguas.fflch.usp.br/sites/d6clinguas.fflch.usp.br//files/INGLÊS PARA FUNCIONÁRIOS USP-Nível C1 (avançado) – Módulo 1     2ª e 4ª 12h-13h30.pdf","http://d6clinguas.fflch.usp.br/sites/d6clinguas.fflch.usp.br//files/Nível A1-A2 (básico) –  Módulo 1.pdf","http://d6clinguas.fflch.usp.br/sites/d6clinguas.fflch.usp.br//files/Nível A2-B1 (pré-intermediário) – Módulo 2   2ª e 4ª 12h-13h30  Flora.pdf","http://d6clinguas.fflch.usp.br/sites/d6clinguas.fflch.usp.br//files/Nível B1 (intermediário) – Módulo 1     3ª e 5ª17h-18h30  Flora.pdf","http://d6clinguas.fflch.usp.br/sites/d6clinguas.fflch.usp.br//files/Nível B2 (intermediário) – Módulo 1    3ª e 5ª 12h-13h30- Camila.pdf",,,,,,,,,,,,,,,,,,,,,,,,,,,,,,,,,,,,,,,,,,,,,,,,
1117,"Espanhol - Funcionários","","","http://d6clinguas.fflch.usp.br/sites/d6clinguas.fflch.usp.br//files/LISTA DE ALUNOS APTOS A REALIZAR O CURSO.pdf","",,,,,,,,,,,,,,,,,,,,,,,,,,,,,,,,,,,,,,,,,,,,,,,,,,,,,,,,,,,,,,,,
1374,"Curso de Inglês Geral para Funcionários USP","","http://d6clinguas.fflch.usp.br/sites/d6clinguas.fflch.usp.br//files/Inglês para Funcionários - vagas remanescentes ATT.pdf","http://d6clinguas.fflch.usp.br/sites/d6clinguas.fflch.usp.br//files/Inglês para Funcionários - vagas remanescentes.pdf","http://d6clinguas.fflch.usp.br/sites/d6clinguas.fflch.usp.br//files/Lista - teste nível 1 pdf.pdf","http://d6clinguas.fflch.usp.br/sites/d6clinguas.fflch.usp.br//files/Lista - teste nível 2.pdf","http://d6clinguas.fflch.usp.br/sites/d6clinguas.fflch.usp.br//files/Lista - teste nível 3.pdf","http://d6clinguas.fflch.usp.br/sites/d6clinguas.fflch.usp.br//files/Lista - teste nível 4.pdf","http://d6clinguas.fflch.usp.br/sites/d6clinguas.fflch.usp.br//files/Lista - teste nível 5.pdf","","","http://d6clinguas.fflch.usp.br/sites/d6clinguas.fflch.usp.br//files/Lista de inscritos confirmados Vagas remanescentes.pdf","http://d6clinguas.fflch.usp.br/sites/d6clinguas.fflch.usp.br//files/Lista de alunos para rematrícula.pdf","http://d6clinguas.fflch.usp.br/sites/d6clinguas.fflch.usp.br//files/Programa de curso - Inglês para funcionários Nível A1 (elementar) – Módulo 1 2015 (1).pdf","","http://d6clinguas.fflch.usp.br/sites/d6clinguas.fflch.usp.br//files/Lista de alunos para rematrícula (2).pdf","","","","http://d6clinguas.fflch.usp.br/sites/d6clinguas.fflch.usp.br//files/Lista de alunos para rematrícula 2014-2.pdf","http://d6clinguas.fflch.usp.br/sites/d6clinguas.fflch.usp.br//files/Lista de Incritos - Inglês para Atendimento Telefônico.pdf","http://d6clinguas.fflch.usp.br/sites/d6clinguas.fflch.usp.br//files/Lista de alunos para rematrícula 2014-2_0.pdf","http://d6clinguas.fflch.usp.br/sites/d6clinguas.fflch.usp.br//files/Lista -Inglês para Atendimento telefônico.pdf","","http://d6clinguas.fflch.usp.br/sites/d6clinguas.fflch.usp.br//files/Programa de curso - Inglês para funcionários Nível B1 (intermediário) – Módulo 1 2015.pdf","http://d6clinguas.fflch.usp.br/sites/d6clinguas.fflch.usp.br//files/Programa de curso - Inglês para funcionários Nível B1 (intermediário) – Módulo 2 2015-1.pdf","","","http://d6clinguas.fflch.usp.br/sites/d6clinguas.fflch.usp.br//files/Lista de inscritos confirmados 4o período 2015-1.pdf","http://d6clinguas.fflch.usp.br/sites/d6clinguas.fflch.usp.br//files/Lista de inscritos confirmados 3o período 2015-1.pdf","http://d6clinguas.fflch.usp.br/sites/d6clinguas.fflch.usp.br//files/Programa de curso - Inglês para funcionários Nível A1 (elementar) – Módulo 2 2015.pdf","http://d6clinguas.fflch.usp.br/sites/d6clinguas.fflch.usp.br//files/Programa de curso - Inglês para funcionários Nível A1-A2 (básico) – Módulo 1 2015.pdf","http://d6clinguas.fflch.usp.br/sites/d6clinguas.fflch.usp.br//files/Programa de curso - Inglês para funcionários Nível A1-A2 (básico) – Módulo 2 2015.pdf","http://d6clinguas.fflch.usp.br/sites/d6clinguas.fflch.usp.br//files/Programa de curso - Inglês para funcionários Nível B1 (intermediário) – Módulo 1 2015_0.pdf","http://d6clinguas.fflch.usp.br/sites/d6clinguas.fflch.usp.br//files/Programa de curso - Inglês para funcionários Nível B1 (intermediário) – Módulo 2 2015-1_0.pdf","","http://d6clinguas.fflch.usp.br/sites/d6clinguas.fflch.usp.br//files/Lista de inscritos confirmados 1o período 2015-1.pdf","","http://d6clinguas.fflch.usp.br/sites/d6clinguas.fflch.usp.br//files/Lista de inscritos confirmados 2o período 2015-1.pdf","","http://d6clinguas.fflch.usp.br/sites/d6clinguas.fflch.usp.br//files/Lista de matriculados - 1o período.pdf","http://d6clinguas.fflch.usp.br/sites/d6clinguas.fflch.usp.br//files/Lista de alunos para rematrícula_0.pdf","","","","","http://d6clinguas.fflch.usp.br/sites/d6clinguas.fflch.usp.br//files/Orientações sobre material didático.pdf",,,,,,,,,,,,,,,,,,,,,,
1525,"Notas do 1º semestre de 2014","","http://d6clinguas.fflch.usp.br/sites/d6clinguas.fflch.usp.br//files/Inglês para Leitura_nível 1_9_11 horas_Ana Sílvia.pdf","http://d6clinguas.fflch.usp.br/sites/d6clinguas.fflch.usp.br//files/Inglês para Leitura_nível 1_12_14horas_Ana Silvia.pdf","http://d6clinguas.fflch.usp.br/sites/d6clinguas.fflch.usp.br//files/Inglês para leitura_nível 2_Ana Silvia_1_2014.pdf","http://d6clinguas.fflch.usp.br/sites/d6clinguas.fflch.usp.br//files/notas Inglês para Leitura Angela N1 12h 1sem2014.pdf","http://d6clinguas.fflch.usp.br/sites/d6clinguas.fflch.usp.br//files/notas Inglês para Leitura de Textos Angela N1 14h 1sem2014.pdf","http://d6clinguas.fflch.usp.br/sites/d6clinguas.fflch.usp.br//files/notas Inglês para Leitura de Textos Angela N2 9h 1sem2014.pdf","","http://d6clinguas.fflch.usp.br/sites/d6clinguas.fflch.usp.br//files/IELTS 2014-1 Notas e frequência.pdf","http://d6clinguas.fflch.usp.br/sites/d6clinguas.fflch.usp.br//files/Inglês para apresentações 2014-1 Notas e frequência.pdf","http://d6clinguas.fflch.usp.br/sites/d6clinguas.fflch.usp.br//files/Notas e Frequência_Inglês para Graduandos I (Profa. Elaine).pdf","http://d6clinguas.fflch.usp.br/sites/d6clinguas.fflch.usp.br//files/Notas e Frequência_Inglês para Graduandos II (Profa. Elaine).pdf","http://d6clinguas.fflch.usp.br/sites/d6clinguas.fflch.usp.br//files/Inglês para Graduandos – Nível III.pdf","http://d6clinguas.fflch.usp.br/sites/d6clinguas.fflch.usp.br//files/Inglês para Graduandos – Nível IV.pdf","","","","http://d6clinguas.fflch.usp.br/sites/d6clinguas.fflch.usp.br//files/Leitura em Espanhol 2ª e 4ª 16h-18h (Profa. Clarissa).pdf","","","","","http://d6clinguas.fflch.usp.br/sites/d6clinguas.fflch.usp.br//files/Nota e frequência - CPLE - 1o semestre 2014 - Profa. Paola Mandalá.pdf","","","","","http://d6clinguas.fflch.usp.br/sites/d6clinguas.fflch.usp.br//files/Notas e Frequência - CPLE - Nível C segunda (Profa. Renata).pdf","http://d6clinguas.fflch.usp.br/sites/d6clinguas.fflch.usp.br//files/Notas e Frequência - CPLE - Nível C quarta (Profa. Renata).pdf","http://d6clinguas.fflch.usp.br/sites/d6clinguas.fflch.usp.br//files/Notas e Frequência CPLE Nível C  - quarta - 14h (Profa. Cristina).pdf","http://d6clinguas.fflch.usp.br/sites/d6clinguas.fflch.usp.br//files/Notas e Frequência CPLE Nível C  - quarta - 16h (Profa. Cristina).pdf","http://d6clinguas.fflch.usp.br/sites/d6clinguas.fflch.usp.br//files/Notas e Frequência CPLE Nível C  - quinta - 14h (Profa. Cristina).pdf","http://d6clinguas.fflch.usp.br/sites/d6clinguas.fflch.usp.br//files/Notas e Frequência CPLE Nível C - quinta - 10h (Profa. Cristina).pdf","http://d6clinguas.fflch.usp.br/sites/d6clinguas.fflch.usp.br//files/Notas e Frequência Prática de Leitura e Escrita PLE Turma 1 (abril).pdf","http://d6clinguas.fflch.usp.br/sites/d6clinguas.fflch.usp.br//files/Notas e Frequência Prática de Leitura e Escrita PLE Turma 2 (maio).pdf","","","","","","","","","","","","","","","","","","","http://d6clinguas.fflch.usp.br/sites/d6clinguas.fflch.usp.br//files/Notas Francês para Iniciantes – Relações Internacionais III.pdf","","http://d6clinguas.fflch.usp.br/sites/d6clinguas.fflch.usp.br//files/Japones.Basico1_intensivo.julho2014.pdf","http://d6clinguas.fflch.usp.br/sites/d6clinguas.fflch.usp.br//files/Japones.Basico1.Turma1_TatianaM.M..pdf","http://d6clinguas.fflch.usp.br/sites/d6clinguas.fflch.usp.br//files/Japones.Basico1.Turma2_ElianaS.C..pdf","http://d6clinguas.fflch.usp.br/sites/d6clinguas.fflch.usp.br//files/Japones.Basico1.Turma3_ErikaT.H..pdf","http://d6clinguas.fflch.usp.br/sites/d6clinguas.fflch.usp.br//files/Japones.Basico2.Turma1_ElianaS.C..pdf","http://d6clinguas.fflch.usp.br/sites/d6clinguas.fflch.usp.br//files/Notas e Frequencia_B2.pdf","http://d6clinguas.fflch.usp.br/sites/d6clinguas.fflch.usp.br//files/Notas e Frequencia_B3.pdf","http://d6clinguas.fflch.usp.br/sites/d6clinguas.fflch.usp.br//files/Japones.Basico3.Turma2_TatianaM.M..pdf","http://d6clinguas.fflch.usp.br/sites/d6clinguas.fflch.usp.br//files/Japones.Basico4.Turma1_LilianaY.M.O..pdf","http://d6clinguas.fflch.usp.br/sites/d6clinguas.fflch.usp.br//files/Japones.Basico4.Turma2_LilianaY.M.O..pdf","http://d6clinguas.fflch.usp.br/sites/d6clinguas.fflch.usp.br//files/Médias Fil1_2014-1.pdf","http://d6clinguas.fflch.usp.br/sites/d6clinguas.fflch.usp.br//files/Notas Fil2_2014-1.pdf","http://d6clinguas.fflch.usp.br/sites/d6clinguas.fflch.usp.br//files/Notas CsF  2014-1.pdf"
1766,"Curso de Inglês para Funcionários USP 1º Semestre 2016","","http://d6clinguas.fflch.usp.br/sites/d6clinguas.fflch.usp.br//files/Lista de alunos para rematrícula Nível B1 (intermediário) – Módulo 1.pdf","http://d6clinguas.fflch.usp.br/sites/d6clinguas.fflch.usp.br//files/lista_corrigida_1.pdf","http://d6clinguas.fflch.usp.br/sites/d6clinguas.fflch.usp.br//files/lista_corrigida_0.pdf","http://d6clinguas.fflch.usp.br/sites/d6clinguas.fflch.usp.br//files/Nível A2-B1-módulo_2.pdf","http://d6clinguas.fflch.usp.br/sites/d6clinguas.fflch.usp.br//files/Lista de alunos para rematrícula Nível A2-B1 (pré-intermediário) – Módulo 1 (1).pdf","http://d6clinguas.fflch.usp.br/sites/d6clinguas.fflch.usp.br//files/lista_corrigida1.pdf","http://d6clinguas.fflch.usp.br/sites/d6clinguas.fflch.usp.br//files/Nível A1-A2-módulo_2.pdf","http://d6clinguas.fflch.usp.br/sites/d6clinguas.fflch.usp.br//files/Nível A2-B1-módulo_1.pdf","http://d6clinguas.fflch.usp.br/sites/d6clinguas.fflch.usp.br//files/Lista de alunos para rematrícula Nível A1-A2 (básico) – Módulo 2_0.pdf","","","http://d6clinguas.fflch.usp.br/sites/d6clinguas.fflch.usp.br//files/Lista de alunos para rematrícula Nível A2-B1 (pré-intermediário) – Módulo 2.pdf","http://d6clinguas.fflch.usp.br/sites/d6clinguas.fflch.usp.br//files/Lista de alunos para rematrícula Nível A2-B1 (pré-intermediário) – Módulo 1.pdf","http://d6clinguas.fflch.usp.br/sites/d6clinguas.fflch.usp.br//files/LISTA PROVISÓRIA - A2-B1 - Modulo2.pdf","http://d6clinguas.fflch.usp.br/sites/d6clinguas.fflch.usp.br//files/LISTA PROVISÓRIA -A1-A2.pdf","http://d6clinguas.fflch.usp.br/sites/d6clinguas.fflch.usp.br//files/LISTA PROVISÓRIA - A2-B1 - Modulo1.pdf","http://d6clinguas.fflch.usp.br/sites/d6clinguas.fflch.usp.br//files/Lista de alunos para rematrícula Nível A1-A2 (básico) – Módulo 2.pdf","http://d6clinguas.fflch.usp.br/sites/d6clinguas.fflch.usp.br//files/lista_corrigida.pdf","http://d6clinguas.fflch.usp.br/sites/d6clinguas.fflch.usp.br//files/lista_corrigidacerta.pdf","http://d6clinguas.fflch.usp.br/sites/d6clinguas.fflch.usp.br//files/LISTA PROVISÓRIA - A2-B1 - Modulo2_0.pdf","","http://d6clinguas.fflch.usp.br/sites/d6clinguas.fflch.usp.br//files/Resultado do teste de nível 2016-1(novo).pdf","http://d6clinguas.fflch.usp.br/sites/d6clinguas.fflch.usp.br//files/Matrículas confirmadas 3o período - ver hoje.pdf","http://d6clinguas.fflch.usp.br/sites/d6clinguas.fflch.usp.br//files/Resultado do teste de nível 2016- (publicar este).pdf","http://d6clinguas.fflch.usp.br/sites/d6clinguas.fflch.usp.br//files/Matrículas confirmadas 2o período.pdf","http://d6clinguas.fflch.usp.br/sites/d6clinguas.fflch.usp.br//files/Matrículas confirmadas 2o período - novo.pdf","","http://d6clinguas.fflch.usp.br/sites/d6clinguas.fflch.usp.br//files/Orientações sobre material didático_0.pdf","http://d6clinguas.fflch.usp.br/sites/d6clinguas.fflch.usp.br//files/LISTA PROVISÓRIA - A2-B1 - Modulo2_1.pdf","","","","http://d6clinguas.fflch.usp.br/sites/d6clinguas.fflch.usp.br//files/Lista de alunos para rematrícula Nível B1 certo (intermediário) – Módulo 1 (1).pdf","http://d6clinguas.fflch.usp.br/sites/d6clinguas.fflch.usp.br//files/Matrículas confirmadas 1o período (2) certa.pdf","http://d6clinguas.fflch.usp.br/sites/d6clinguas.fflch.usp.br//files/Matrículas confirmadas 1o período (1) - 2016_0.pdf","http://d6clinguas.fflch.usp.br/sites/d6clinguas.fflch.usp.br//files/Lista de alunos para rematrícula Nível A2-B1 (pré-intermediário) – Módulo 1_0.pdf","http://d6clinguas.fflch.usp.br/sites/d6clinguas.fflch.usp.br//files/Lista de alunos para rematrícula Nível A2-B1 (pré-intermediário) – Módulo 2_0.pdf",,,,,,,,,,,,,,,,,,,,,,,,,,,,,,
1575,"Notas do 2º semestre de 2014","","http://d6clinguas.fflch.usp.br/sites/d6clinguas.fflch.usp.br//files/notas CURSO DE FÉRIAS LATIM I .pdf","http://d6clinguas.fflch.usp.br/sites/d6clinguas.fflch.usp.br//files/Notas Praticas de Leitura em frances - Prof Raquel  Rosalin.pdf","","http://d6clinguas.fflch.usp.br/sites/d6clinguas.fflch.usp.br//files/notas freq ingles leitura I 12h 2sem2014.pdf","","http://d6clinguas.fflch.usp.br/sites/d6clinguas.fflch.usp.br//files/notas freq Angela ingles leitura I 12h 2sem2014.pdf","http://d6clinguas.fflch.usp.br/sites/d6clinguas.fflch.usp.br//files/notas freq Angela ingles academico posgraduandos 2sem2014.pdf","http://d6clinguas.fflch.usp.br/sites/d6clinguas.fflch.usp.br//files/notas freq Angela ingl leitura de textos II 9h 2sem2014.pdf","http://d6clinguas.fflch.usp.br/sites/d6clinguas.fflch.usp.br//files/notas freq Angela ingl leitura de textos I 9h 2sem2014.pdf","","","","","http://d6clinguas.fflch.usp.br/sites/d6clinguas.fflch.usp.br//files/Notas_Japones.Basico1_sabado.pdf","http://d6clinguas.fflch.usp.br/sites/d6clinguas.fflch.usp.br//files/notas alemão I 2.2014.pdf","http://d6clinguas.fflch.usp.br/sites/d6clinguas.fflch.usp.br//files/LEPLE Outubro.pdf","","","http://d6clinguas.fflch.usp.br/sites/d6clinguas.fflch.usp.br//files/INGLÊS PARA GRADUANDOS I.pdf","http://d6clinguas.fflch.usp.br/sites/d6clinguas.fflch.usp.br//files/INGLÊS PARA GRADUANDOS I_0.pdf","http://d6clinguas.fflch.usp.br/sites/d6clinguas.fflch.usp.br//files/INGLÊS PARA GRADUANDOS II.pdf","http://d6clinguas.fflch.usp.br/sites/d6clinguas.fflch.usp.br//files/notas e frequência Leitura Humanas 2o sem 2014.pdf","http://d6clinguas.fflch.usp.br/sites/d6clinguas.fflch.usp.br//files/notas e frequência Escrita Acadêmica 2014.pdf","","http://d6clinguas.fflch.usp.br/sites/d6clinguas.fflch.usp.br//files/Inglês para apresentações 2014-2 Notas e frequência.pdf","","","http://d6clinguas.fflch.usp.br/sites/d6clinguas.fflch.usp.br//files/Inglês para leitura nível 1 - Ana Silvia - seg qua - 9-11 horas 2º2014.pdf","http://d6clinguas.fflch.usp.br/sites/d6clinguas.fflch.usp.br//files/Inglês para leitura nível 1 - Ana Silvia -seg qua -12-14 horas-2º2014.pdf","","","http://d6clinguas.fflch.usp.br/sites/d6clinguas.fflch.usp.br//files/Notas_Japones.Basico1_sabado_0.pdf","","http://d6clinguas.fflch.usp.br/sites/d6clinguas.fflch.usp.br//files/Notas_JapPreIntermediario.pdf","http://d6clinguas.fflch.usp.br/sites/d6clinguas.fflch.usp.br//files/Notas_CPreparatorioN3LJ.pdf","http://d6clinguas.fflch.usp.br/sites/d6clinguas.fflch.usp.br//files/Nota e frequência - CPLE - 2o semestre 2014.pdf","","http://d6clinguas.fflch.usp.br/sites/d6clinguas.fflch.usp.br//files/NOTAS LATIM.pdf",,,,,,,,,,,,,,,,,,,,,,,,,,,,,
2541,"Testes de nível - 2º semestre/2016","","http://d6clinguas.fflch.usp.br/sites/d6clinguas.fflch.usp.br//files/Resultado TESTE 11.08.2016 Ingles Graduandos.pdf","http://d6clinguas.fflch.usp.br/sites/d6clinguas.fflch.usp.br//files/Negócios Teste de nível Resultado 2016-2 1108.pdf","http://d6clinguas.fflch.usp.br/sites/d6clinguas.fflch.usp.br//files/Resultado Teste Ingles Academico 11.08.2016.pdf","http://d6clinguas.fflch.usp.br/sites/d6clinguas.fflch.usp.br//files/APRESENTAÇÕES ORAIS Resultado do teste 2016-2 1108.pdf","http://d6clinguas.fflch.usp.br/sites/d6clinguas.fflch.usp.br//files/Escrita IRI.pdf","http://d6clinguas.fflch.usp.br/sites/d6clinguas.fflch.usp.br//files/ESCRITA IRI Teste de nível Resultado 2016-2 1008 (1).pdf","http://d6clinguas.fflch.usp.br/sites/d6clinguas.fflch.usp.br//files/IELTS Teste de nível Resultado 2016-2 1008.pdf","http://d6clinguas.fflch.usp.br/sites/d6clinguas.fflch.usp.br//files/Escrita Teste de nível Resultado 2016-2 1008.pdf","http://d6clinguas.fflch.usp.br/sites/d6clinguas.fflch.usp.br//files/ESCRITA ACADEMICA Teste de nível Resultado 2016-2.pdf","http://d6clinguas.fflch.usp.br/sites/d6clinguas.fflch.usp.br//files/IELTS.pdf","http://d6clinguas.fflch.usp.br/sites/d6clinguas.fflch.usp.br//files/Negócios.pdf",,,,,,,,,,,,,,,,,,,,,,,,,,,,,,,,,,,,,,,,,,,,,,,,,,,,,,,,
2593,"Testes de nível dos cursos de japonês - 2º semestre/2016","","http://d6clinguas.fflch.usp.br/sites/d6clinguas.fflch.usp.br//files/resultado_teste.nivel_.N3.p2_25.ago_.2016.pdf",,,,,,,,,,,,,,,,,,,,,,,,,,,,,,,,,,,,,,,,,,,,,,,,,,,,,,,,,,,,,,,,,,
1112,"Comunicados","http://d6clinguas.fflch.usp.br/sites/d6clinguas.fflch.usp.br//files/A partir do dia 17_03","o Atendimento do centro interdepartamental de línguas será realizado apenas via e-mails informados em nosso site_.png","http://d6clinguas.fflch.usp.br/sites/d6clinguas.fflch.usp.br//files/SALAS DE AULA (1).png","http://d6clinguas.fflch.usp.br/sites/d6clinguas.fflch.usp.br//files/SALAS DE AULA.png","","","","",,,,,,,,,,,,,,,,,,,,,,,,,,,,,,,,,,,,,,,,,,,,,,,,,,,,,,,,,,,,
901,"Formulários - Funcionários IMT - USP","http://d6clinguas.fflch.usp.br/sites/d6clinguas.fflch.usp.br//files/Alunos do intermediário Professora Regiane.pdf","","",,,,,,,,,,,,,,,,,,,,,,,,,,,,,,,,,,,,,,,,,,,,,,,,,,,,,,,,,,,,,,,,,
883,"Formulários - Funcionários TUSP","http://d6clinguas.fflch.usp.br/sites/d6clinguas.fflch.usp.br//files/Alunos TUSP 1sem2012.pdf",,,,,,,,,,,,,,,,,,,,,,,,,,,,,,,,,,,,,,,,,,,,,,,,,,,,,,,,,,,,,,,,,,,
2543,"Testes de nível dos cursos de japonês - 2º semestre/2016","http://d6clinguas.fflch.usp.br/sites/d6clinguas.fflch.usp.br//files/Conteudo.do_.Japones1_HARU_1sem2016.pdf","http://d6clinguas.fflch.usp.br/sites/d6clinguas.fflch.usp.br//files/Conteudo.da_.Parte1_.doPreparatorioN3_1sem2016.pdf",,,,,,,,,,,,,,,,,,,,,,,,,,,,,,,,,,,,,,,,,,,,,,,,,,,,,,,,,,,,,,,,,,
2014,"Notas do 2º semestre de 2015","http://d6clinguas.fflch.usp.br/sites/d6clinguas.fflch.usp.br//files/Conversação em Portugues _ Tabela para Notas e Frequência 2o sem 2015.pdf","","","http://d6clinguas.fflch.usp.br/sites/d6clinguas.fflch.usp.br//files/Ingles Academico Pos-Graduandos_Angela- 2sem2015.pdf","","","","","","","http://d6clinguas.fflch.usp.br/sites/d6clinguas.fflch.usp.br//files/INGLÊS PARA ESCRITA ACADÊMICA.pdf","http://d6clinguas.fflch.usp.br/sites/d6clinguas.fflch.usp.br//files/INGLÊS PARA LEITURA EM HUMANAS.pdf","http://d6clinguas.fflch.usp.br/sites/d6clinguas.fflch.usp.br//files/Inglês para apresentações Orais - 2º2015 - Notas e frequência.pdf","","http://d6clinguas.fflch.usp.br/sites/d6clinguas.fflch.usp.br//files/INGLÊS PARA A ESCRITA ACADÊMICA NA ÁREA DE BIOLÓGICAS .pdf","","http://d6clinguas.fflch.usp.br/sites/d6clinguas.fflch.usp.br//files/Inglês para funcionários Nota e frequência nível A1A2 módulo 2 2015-2.pdf","http://d6clinguas.fflch.usp.br/sites/d6clinguas.fflch.usp.br//files/Inglês para funcionários Nota e frequência nível A2B1 módulo 2 2015-2.pdf","","http://d6clinguas.fflch.usp.br/sites/d6clinguas.fflch.usp.br//files/Nota e Frequência RAG-RAPG (Todas as turmas).pdf","","http://d6clinguas.fflch.usp.br/sites/d6clinguas.fflch.usp.br//files/Japones.Basico3_seg.qua_2sem2015_LILIANAYMO.pdf","http://d6clinguas.fflch.usp.br/sites/d6clinguas.fflch.usp.br//files/Japones.Basico3_sabado_2sem2015_LILIANAYMO.pdf","http://d6clinguas.fflch.usp.br/sites/d6clinguas.fflch.usp.br//files/Japones.Basico4_ter.qui_2sem2015_LILIANAYMO.pdf","","","","http://d6clinguas.fflch.usp.br/sites/d6clinguas.fflch.usp.br//files/Inglês para apresentações 2015-2 Notas e frequência.pdf","http://d6clinguas.fflch.usp.br/sites/d6clinguas.fflch.usp.br//files/INGLÊS PARA LEITURA NÍVEL 1 _TURMA 1 _2º 2015.pdf","http://d6clinguas.fflch.usp.br/sites/d6clinguas.fflch.usp.br//files/INGLÊS PARA LEITURA NÍVEL 1 _TURMA 2 _2º 2015.pdf","http://d6clinguas.fflch.usp.br/sites/d6clinguas.fflch.usp.br//files/INGLES PARA LEITURA NIVEL 2 2º 2015.pdf","","","","","",,,,,,,,,,,,,,,,,,,,,,,,,,,,,,,,
1175,"Informações Gerais - Centro de Línguas - FAQ","http://d6clinguas.fflch.usp.br/sites/d6clinguas.fflch.usp.br//files/Cópia de Devolução de Teste de Nível .docx_.pdf",,,,,,,,,,,,,,,,,,,,,,,,,,,,,,,,,,,,,,,,,,,,,,,,,,,,,,,,,,,,,,,,,,,
2573,"Proficiência em Inglês","http://d6clinguas.fflch.usp.br/sites/d6clinguas.fflch.usp.br//files/Edital - 2003 Letras [retificado].pdf","http://d6clinguas.fflch.usp.br/sites/d6clinguas.fflch.usp.br//files/Edital - 2004 IMT_0.pdf","http://d6clinguas.fflch.usp.br/sites/d6clinguas.fflch.usp.br//files/Edital - 2004 EE_0.pdf","http://d6clinguas.fflch.usp.br/sites/d6clinguas.fflch.usp.br//files/Edital - 2004 EACH-SI_0.pdf","http://d6clinguas.fflch.usp.br/sites/d6clinguas.fflch.usp.br//files/Edital - 2004 IME-CC_0.pdf","http://d6clinguas.fflch.usp.br/sites/d6clinguas.fflch.usp.br//files/Edital - 2004 IF_0.pdf","http://d6clinguas.fflch.usp.br/sites/d6clinguas.fflch.usp.br//files/2004 Diversitas - Edital.pdf","http://d6clinguas.fflch.usp.br/sites/d6clinguas.fflch.usp.br//files/Edital - 2004 MAC PGEHA_0.pdf","http://d6clinguas.fflch.usp.br/sites/d6clinguas.fflch.usp.br//files/EDITAL - 2004 IP-PSE_0.pdf","http://d6clinguas.fflch.usp.br/sites/d6clinguas.fflch.usp.br//files/Edital - 2005 EACH-Turismo.pdf","http://d6clinguas.fflch.usp.br/sites/d6clinguas.fflch.usp.br//files/Edital - 2005 ECA.pdf","http://d6clinguas.fflch.usp.br/sites/d6clinguas.fflch.usp.br//files/Edital - 2005 IEB_0.pdf","http://d6clinguas.fflch.usp.br/sites/d6clinguas.fflch.usp.br//files/Edital - 2005 ICB_0.pdf","http://d6clinguas.fflch.usp.br/sites/d6clinguas.fflch.usp.br//files/Edital - 2005 IB.pdf","http://d6clinguas.fflch.usp.br/sites/d6clinguas.fflch.usp.br//files/Edital - 2005 IO.pdf","http://d6clinguas.fflch.usp.br/sites/d6clinguas.fflch.usp.br//files/Edital - 2005 PME.pdf","http://d6clinguas.fflch.usp.br/sites/d6clinguas.fflch.usp.br//files/Edital 2005 TOXINOLOGIA.pdf","http://d6clinguas.fflch.usp.br/sites/d6clinguas.fflch.usp.br//files/EDITAL 2006 PPGEE.pdf","http://d6clinguas.fflch.usp.br/sites/d6clinguas.fflch.usp.br//files/Edital - 2006 EACH-SI.pdf","http://d6clinguas.fflch.usp.br/sites/d6clinguas.fflch.usp.br//files/Edital - 2006 IME-CC.pdf","http://d6clinguas.fflch.usp.br/sites/d6clinguas.fflch.usp.br//files/Edital - 2006 IPEN.pdf","http://d6clinguas.fflch.usp.br/sites/d6clinguas.fflch.usp.br//files/Edital 2006 Poli-PPGEN.pdf","http://d6clinguas.fflch.usp.br/sites/d6clinguas.fflch.usp.br//files/Edital - 2007 FAU.pdf","http://d6clinguas.fflch.usp.br/sites/d6clinguas.fflch.usp.br//files/Edital - 2007 Historia Social.pdf","http://d6clinguas.fflch.usp.br/sites/d6clinguas.fflch.usp.br//files/Edital - 2007 Historia Economica.pdf","http://d6clinguas.fflch.usp.br/sites/d6clinguas.fflch.usp.br//files/Modelos de Prova.zip",,,,,,,,,,,,,,,,,,,,,,,,,,,,,,,,,,,,,,,,,,
1274,"MONITORIA CL – VAGAS","http://d6clinguas.fflch.usp.br/sites/d6clinguas.fflch.usp.br//files/Edital ATAC-015-16-CL-Proficiência Lg. Japonesa.pdf",,,,,,,,,,,,,,,,,,,,,,,,,,,,,,,,,,,,,,,,,,,,,,,,,,,,,,,,,,,,,,,,,,,
1272,"Exames de Proficiência","http://d6clinguas.fflch.usp.br/sites/d6clinguas.fflch.usp.br//files/FAQ.pdf",,,,,,,,,,,,,,,,,,,,,,,,,,,,,,,,,,,,,,,,,,,,,,,,,,,,,,,,,,,,,,,,,,,
3134,"Curso de Português para Estrangeiros","http://d6clinguas.fflch.usp.br/sites/d6clinguas.fflch.usp.br//files/Foreign Students - How to join the Portuguese courses.pdf","http://d6clinguas.fflch.usp.br/sites/d6clinguas.fflch.usp.br//files/Foreign students - how to join the Portuguese courses_0.pdf","http://d6clinguas.fflch.usp.br/sites/d6clinguas.fflch.usp.br//files/Manual do Estudante Estrangeiro_0.pdf","http://d6clinguas.fflch.usp.br/sites/d6clinguas.fflch.usp.br//files/Manual do Estudante Estrangeiro.pdf",,,,,,,,,,,,,,,,,,,,,,,,,,,,,,,,,,,,,,,,,,,,,,,,,,,,,,,,,,,,,,,,
1003,"Formulários - Funcionários CRint - 2º semestre de 2012","http://d6clinguas.fflch.usp.br/sites/d6clinguas.fflch.usp.br//files/Francês CRint-Funcionários-2.pdf",,,,,,,,,,,,,,,,,,,,,,,,,,,,,,,,,,,,,,,,,,,,,,,,,,,,,,,,,,,,,,,,,,,
2013,"INGLÊS 1º SEMESTRE","http://d6clinguas.fflch.usp.br/sites/d6clinguas.fflch.usp.br//files/frequencia Ingles Leituras Humanas 1o sem 2015 Nivia.pdf",,,,,,,,,,,,,,,,,,,,,,,,,,,,,,,,,,,,,,,,,,,,,,,,,,,,,,,,,,,,,,,,,,,
2557,"Testes de nível - Inglês para Funcionários - 2º semestre/2016","http://d6clinguas.fflch.usp.br/sites/d6clinguas.fflch.usp.br//files/FUNCIONÁRIOS Resultado do teste de nível 2016-2.pdf",,,,,,,,,,,,,,,,,,,,,,,,,,,,,,,,,,,,,,,,,,,,,,,,,,,,,,,,,,,,,,,,,,,
3202,"Notas do 2º semestre de 2018","http://d6clinguas.fflch.usp.br/sites/d6clinguas.fflch.usp.br//files/Fuyu 2017.2 Liliana Oda Retificado.pdf","http://d6clinguas.fflch.usp.br/sites/d6clinguas.fflch.usp.br//files/Preparatório para N3 2017.2 Liliana Oda.pdf","http://d6clinguas.fflch.usp.br/sites/d6clinguas.fflch.usp.br//files/Redação em Japonês 2017.2 Liliana Oda.pdf","","http://d6clinguas.fflch.usp.br/sites/d6clinguas.fflch.usp.br//files/Conversação e Produção de texto em Português Língua Estrangeira - Níveis B e C 2017-2.pdf","","http://d6clinguas.fflch.usp.br/sites/d6clinguas.fflch.usp.br//files/IELTS 2017-2 Nota e frequência_0.pdf","http://d6clinguas.fflch.usp.br/sites/d6clinguas.fflch.usp.br//files/Inglês para Apresentações 2017-2 Nota e frequência.pdf","http://d6clinguas.fflch.usp.br/sites/d6clinguas.fflch.usp.br//files/Inglês para Escrita Acadêmica para Graduação 2017-2 Nota e frequência.pdf","http://d6clinguas.fflch.usp.br/sites/d6clinguas.fflch.usp.br//files/Ingles para Leitura de Textos 1 2017-2 Notas e frequencia - Nivia Marcello.pdf","http://d6clinguas.fflch.usp.br/sites/d6clinguas.fflch.usp.br//files/Ingles para Escrita Academica 2017-2  Notas e frequencia - Nivia Marcello.pdf","http://d6clinguas.fflch.usp.br/sites/d6clinguas.fflch.usp.br//files/Inglês para Leitura de Textos - Nível 1 - Turma 1_0.pdf","http://d6clinguas.fflch.usp.br/sites/d6clinguas.fflch.usp.br//files/Inglês para Leitura de Textos - Nível I - turma 2.pdf","http://d6clinguas.fflch.usp.br/sites/d6clinguas.fflch.usp.br//files/Inglês para Leitura de Textos - Nível 2.pdf",,,,,,,,,,,,,,,,,,,,,,,,,,,,,,,,,,,,,,,,,,,,,,,,,,,,,,
1209,"Inglês para Graduação e Pós-Graduação USP","http://d6clinguas.fflch.usp.br/sites/d6clinguas.fflch.usp.br//files/Grad teste.pdf","","","","","","","","","","",,,,,,,,,,,,,,,,,,,,,,,,,,,,,,,,,,,,,,,,,,,,,,,,,,,,,,,,,
4040,"Notas do 2º semestre de 2019","http://d6clinguas.fflch.usp.br/sites/d6clinguas.fflch.usp.br//files/IELTS 2019-2 Nota e frequência.pdf","http://d6clinguas.fflch.usp.br/sites/d6clinguas.fflch.usp.br//files/TED Talks 2019-2 Nota e frequência.pdf","http://d6clinguas.fflch.usp.br/sites/d6clinguas.fflch.usp.br//files/TOEFL 2019-2 Nota e frequência.pdf","http://d6clinguas.fflch.usp.br/sites/d6clinguas.fflch.usp.br//files/Inglês para apresentações 2019-2 Nota e frequência.pdf","http://d6clinguas.fflch.usp.br/sites/d6clinguas.fflch.usp.br//files/Notas_Frequencia_FUYU_2sem2019.pdf","http://d6clinguas.fflch.usp.br/sites/d6clinguas.fflch.usp.br//files/Notas_Frequencia_Prep.N3.JLPT(2)_2sem2019.pdf","http://d6clinguas.fflch.usp.br/sites/d6clinguas.fflch.usp.br//files/Notas_Frequencia_NATSU_2sem2019.pdf","http://d6clinguas.fflch.usp.br/sites/d6clinguas.fflch.usp.br//files/nota e frequência Inglês para Leitura  de Textos 1 2o sem 2019 Nivia Marcello.pdf","http://d6clinguas.fflch.usp.br/sites/d6clinguas.fflch.usp.br//files/Inglês para leitura _Nível 1_segundase quartas_12 as 14 horas_2_2019.pdf","http://d6clinguas.fflch.usp.br/sites/d6clinguas.fflch.usp.br//files/Inglês para leitura _Nível 1_segundase quartas_09as11 horas_2_2019.pdf","http://d6clinguas.fflch.usp.br/sites/d6clinguas.fflch.usp.br//files/Inglês para leitura _Nível 2_terças_12as14 horas_2_2019.pdf","http://d6clinguas.fflch.usp.br/sites/d6clinguas.fflch.usp.br//files/Tabela_notas.freq_intensivo.REDACAO.JAP_.UNIV_dez.2019 (2).pdf","http://d6clinguas.fflch.usp.br/sites/d6clinguas.fflch.usp.br//files/Avançado PLE Imigrantes e Refugiados nota e freq 4o bim 2019.pdf","http://d6clinguas.fflch.usp.br/sites/d6clinguas.fflch.usp.br//files/Nivel B 2a nota e freq 2o sem 2019.pdf","http://d6clinguas.fflch.usp.br/sites/d6clinguas.fflch.usp.br//files/Nivel B 3a nota e freq 2o sem 2019.pdf","http://d6clinguas.fflch.usp.br/sites/d6clinguas.fflch.usp.br//files/Nivel C 2a nota e freq 2o sem 2019.pdf","http://d6clinguas.fflch.usp.br/sites/d6clinguas.fflch.usp.br//files/Nivel C 3a nota e freq 2o sem 2019.pdf","http://d6clinguas.fflch.usp.br/sites/d6clinguas.fflch.usp.br//files/Nivel C 4a nota e freq 2o sem 2019.pdf","http://d6clinguas.fflch.usp.br/sites/d6clinguas.fflch.usp.br//files/Inglês para apresentações 2019-3 Nota e frequência.pdf","http://d6clinguas.fflch.usp.br/sites/d6clinguas.fflch.usp.br//files/notas finais ICA 2sem2019.pdf","http://d6clinguas.fflch.usp.br/sites/d6clinguas.fflch.usp.br//files/Notas IPC N1 2sem2019.pdf","http://d6clinguas.fflch.usp.br/sites/d6clinguas.fflch.usp.br//files/Notas IPC2 2sem2019 tabela.pdf","http://d6clinguas.fflch.usp.br/sites/d6clinguas.fflch.usp.br//files/notas IPC3 2sem2019 tabela notas_0.pdf",,,,,,,,,,,,,,,,,,,,,,,,,,,,,,,,,,,,,,,,,,,,,
992,"Reitoria - Departamento de Informática","http://d6clinguas.fflch.usp.br/sites/d6clinguas.fflch.usp.br//files/Inglês - Básico A1-A2.pdf","http://d6clinguas.fflch.usp.br/sites/d6clinguas.fflch.usp.br//files/Lista Reitoria - Departamento de Informática.pdf","http://d6clinguas.fflch.usp.br/sites/d6clinguas.fflch.usp.br//files/Lista - Inglês Intermediário.pdf",,,,,,,,,,,,,,,,,,,,,,,,,,,,,,,,,,,,,,,,,,,,,,,,,,,,,,,,,,,,,,,,,
1047,"Instituto de Medicina Tropical","http://d6clinguas.fflch.usp.br/sites/d6clinguas.fflch.usp.br//files/Inglês Básico II _MT - lista.pdf","http://d6clinguas.fflch.usp.br/sites/d6clinguas.fflch.usp.br//files/Inglês Básico Intermediário - IMT - lista.pdf",,,,,,,,,,,,,,,,,,,,,,,,,,,,,,,,,,,,,,,,,,,,,,,,,,,,,,,,,,,,,,,,,,
2991,"Notas do 1º semestre de 2018","http://d6clinguas.fflch.usp.br/sites/d6clinguas.fflch.usp.br//files/Inglês em Contexto Acadêmico 2017.1 Angela Corte.pdf","http://d6clinguas.fflch.usp.br/sites/d6clinguas.fflch.usp.br//files/Inglês para Graduandos USP I 2017.1 Angela Corte.pdf","http://d6clinguas.fflch.usp.br/sites/d6clinguas.fflch.usp.br//files/Inglês para Graduandos USP II 2017.1 Angela Corte.pdf","http://d6clinguas.fflch.usp.br/sites/d6clinguas.fflch.usp.br//files/Inglês para Graduandos USP III 2017.1 Angela Corte.pdf","http://d6clinguas.fflch.usp.br/sites/d6clinguas.fflch.usp.br//files/Ingles para Escrita Academica Pós 2017.1 Nivia Marcello.pdf","http://d6clinguas.fflch.usp.br/sites/d6clinguas.fflch.usp.br//files/Inglês para Leitura 1 2017.1 Nivia Marcello.pdf","http://d6clinguas.fflch.usp.br/sites/d6clinguas.fflch.usp.br//files/Inglês para Leitura  Nìvel 2 2017.1 Ana Silvia.pdf","http://d6clinguas.fflch.usp.br/sites/d6clinguas.fflch.usp.br//files/Inglês para apresentações orais 2017.1 Priscila Hayama.pdf","http://d6clinguas.fflch.usp.br/sites/d6clinguas.fflch.usp.br//files/Preparatório para o IELTS 2017.1 Priscila Hayama.pdf","http://d6clinguas.fflch.usp.br/sites/d6clinguas.fflch.usp.br//files/Preparatório para o TOEFL 2017.1 Priscila Hayama.pdf","http://d6clinguas.fflch.usp.br/sites/d6clinguas.fflch.usp.br//files/Inglês para Funcionários B1M1 2017.1 Priscila Mayumi.pdf","http://d6clinguas.fflch.usp.br/sites/d6clinguas.fflch.usp.br//files/Inglês para funcionários B1M2 2017.1 Priscila Mayumi.pdf","http://d6clinguas.fflch.usp.br/sites/d6clinguas.fflch.usp.br//files/Redacao em Japones 2017.1 Liliana Oda.pdf","http://d6clinguas.fflch.usp.br/sites/d6clinguas.fflch.usp.br//files/Japones III Aki 2017.1 Liliana Oda.pdf","http://d6clinguas.fflch.usp.br/sites/d6clinguas.fflch.usp.br//files/Leitura para N4-N5 do JLPT 2017.1 Liliana Oda.pdf","http://d6clinguas.fflch.usp.br/sites/d6clinguas.fflch.usp.br//files/Preparatorio para N3 do JLPT 2017.1 Liliana Oda.pdf","http://d6clinguas.fflch.usp.br/sites/d6clinguas.fflch.usp.br//files/Praticas de Leitura em Lingua Japonesa 2017.1 Liliana Oda.pdf","http://d6clinguas.fflch.usp.br/sites/d6clinguas.fflch.usp.br//files/CPLE 1o sem 2017.pdf","http://d6clinguas.fflch.usp.br/sites/d6clinguas.fflch.usp.br//files/Inglês para escrita acadêmica para graduação 2018-1 Nota e frequência_0.pdf",,,,,,,,,,,,,,,,,,,,,,,,,,,,,,,,,,,,,,,,,,,,,,,,,
2329,"Notas do 1º semestre de 2018","http://d6clinguas.fflch.usp.br/sites/d6clinguas.fflch.usp.br//files/Inglês para funcionários A2-B1 módulo 2 Nota e frequência 2016-1.pdf","http://d6clinguas.fflch.usp.br/sites/d6clinguas.fflch.usp.br//files/Inglês para funcionários A2-B1 módulo 1 Nota e frequência 2016-1.pdf","http://d6clinguas.fflch.usp.br/sites/d6clinguas.fflch.usp.br//files/Inglês para funcionários B1 módulo 1 Nota e frequência 2016-1.pdf","http://d6clinguas.fflch.usp.br/sites/d6clinguas.fflch.usp.br//files/Inglês para Leitura - Nìvel I Turma 1 _ 9 as 11 horas_2016.pdf","http://d6clinguas.fflch.usp.br/sites/d6clinguas.fflch.usp.br//files/Inglês para Leitura - Nìvel I Turma 2 _ 12 as 14 horas_2016.pdf","http://d6clinguas.fflch.usp.br/sites/d6clinguas.fflch.usp.br//files/Inglês para Leitura de Textos - Nìvel II_2016.pdf","http://d6clinguas.fflch.usp.br/sites/d6clinguas.fflch.usp.br//files/Inglês para negócios Módulo 1 2016-1 Nota e frequência.pdf","","","","http://d6clinguas.fflch.usp.br/sites/d6clinguas.fflch.usp.br//files/Notas - POLI - Módulo 3 - 1ºsem 2016.pdf","http://d6clinguas.fflch.usp.br/sites/d6clinguas.fflch.usp.br//files/Notas - IRI - Módulo 3 - 1º sem2016.pdf","http://d6clinguas.fflch.usp.br/sites/d6clinguas.fflch.usp.br//files/Notas - POLI - Módulo 2 - Turma 1 - 1ºsem2016.pdf","http://d6clinguas.fflch.usp.br/sites/d6clinguas.fflch.usp.br//files/Notas - POLI - Módulo 2 - Turma 2 - 1ºsem2016.pdf","http://d6clinguas.fflch.usp.br/sites/d6clinguas.fflch.usp.br//files/Capacitação para Ensino de PLE 2016 sem1.pdf","http://d6clinguas.fflch.usp.br/sites/d6clinguas.fflch.usp.br//files/RAG 2016 sem1.pdf","http://d6clinguas.fflch.usp.br/sites/d6clinguas.fflch.usp.br//files/RAPG 2016 sem1.pdf","http://d6clinguas.fflch.usp.br/sites/d6clinguas.fflch.usp.br//files/Curso Preparatório para N3 parte 1 - 2016 - 1º sem.pdf","http://d6clinguas.fflch.usp.br/sites/d6clinguas.fflch.usp.br//files/Japonês Básico I - Haru - 2016 - 1ºsem.pdf","http://d6clinguas.fflch.usp.br/sites/d6clinguas.fflch.usp.br//files/Recuperação M2 1sem16.pdf","http://d6clinguas.fflch.usp.br/sites/d6clinguas.fflch.usp.br//files/Recuperação M3 1sem16.pdf","http://d6clinguas.fflch.usp.br/sites/d6clinguas.fflch.usp.br//files/Japonês - Básico 4 - Tsubaki_0.pdf","http://d6clinguas.fflch.usp.br/sites/d6clinguas.fflch.usp.br//files/Inglês para escrita acadêmica para graduação 2018-1 Nota e frequência.pdf","http://d6clinguas.fflch.usp.br/sites/d6clinguas.fflch.usp.br//files/IELTS 2018-1 Nota e frequência.pdf","http://d6clinguas.fflch.usp.br/sites/d6clinguas.fflch.usp.br//files/Inglês para apresentações 2018-1 Nota e frequência.pdf","","http://d6clinguas.fflch.usp.br/sites/d6clinguas.fflch.usp.br//files/notas e frequencias prep n3_4.pdf","http://d6clinguas.fflch.usp.br/sites/d6clinguas.fflch.usp.br//files/Japonês 5 -  Shiki.pdf","http://d6clinguas.fflch.usp.br/sites/d6clinguas.fflch.usp.br//files/tabela.notas_.frequencia_Japones1.HARU_1sem2018_0.pdf","http://d6clinguas.fflch.usp.br/sites/d6clinguas.fflch.usp.br//files/notas ICA Angela 1Sem2018.pdf","http://d6clinguas.fflch.usp.br/sites/d6clinguas.fflch.usp.br//files/Nota e frequência 1o 2018.pdf","http://d6clinguas.fflch.usp.br/sites/d6clinguas.fflch.usp.br//files/Ingles-para-leitura-_Nivel-1_segunda_quarta_12as14-horas_1_2018.pdf","http://d6clinguas.fflch.usp.br/sites/d6clinguas.fflch.usp.br//files/notas grad 1 Angela 1sem2018.pdf","http://d6clinguas.fflch.usp.br/sites/d6clinguas.fflch.usp.br//files/notas grad 2 Angela 1sem2018.pdf","http://d6clinguas.fflch.usp.br/sites/d6clinguas.fflch.usp.br//files/notas grad 3 Angela 1sem2018.pdf","http://d6clinguas.fflch.usp.br/sites/d6clinguas.fflch.usp.br//files/Inglês para Produção de Abstracts_1_2018.pdf","http://d6clinguas.fflch.usp.br/sites/d6clinguas.fflch.usp.br//files/tabela.notas_.frequencia_Prat.Leit_.Jap_1sem2018.pdf","http://d6clinguas.fflch.usp.br/sites/d6clinguas.fflch.usp.br//files/notas grad 2 Angela 1sem2018_0.pdf","http://d6clinguas.fflch.usp.br/sites/d6clinguas.fflch.usp.br//files/Ingles-para-leitura-_Nivel-2_tercas_12as14-horas_1_2018.pdf","http://d6clinguas.fflch.usp.br/sites/d6clinguas.fflch.usp.br//files/Ingles-para-leitura-_Nivel-1_segunda_quarta_9as11horas_1_2018.pdf",,,,,,,,,,,,,,,,,,,,,,,,,,,,
1734,"Notas do 2º semestre de 2014 – Funcionários","http://d6clinguas.fflch.usp.br/sites/d6clinguas.fflch.usp.br//files/INGLÊS para funcionários USP Nota e frequência Todas as turmas 2014-2.pdf","http://d6clinguas.fflch.usp.br/sites/d6clinguas.fflch.usp.br//files/Nota e frequência 2014-2_0.pdf",,,,,,,,,,,,,,,,,,,,,,,,,,,,,,,,,,,,,,,,,,,,,,,,,,,,,,,,,,,,,,,,,,
1250,"CURSO DE INGLÊS PARA FUNCIONÁRIOS USP","http://d6clinguas.fflch.usp.br/sites/d6clinguas.fflch.usp.br//files/INGLÊS PARA FUNCIONÁRIOS USP-Nível A1 (elementar) –  Módulo 1     3ª e 5ª 12h-13h30_0.pdf",,,,,,,,,,,,,,,,,,,,,,,,,,,,,,,,,,,,,,,,,,,,,,,,,,,,,,,,,,,,,,,,,,,
878,"Formulários - Funcionários FMVZ","http://d6clinguas.fflch.usp.br/sites/d6clinguas.fflch.usp.br//files/Inglês Veterinária - Nível Básico.pdf","http://d6clinguas.fflch.usp.br/sites/d6clinguas.fflch.usp.br//files/Inglês Nível Intermediário - Veterinária.pdf","http://d6clinguas.fflch.usp.br/sites/d6clinguas.fflch.usp.br//files/ingles  basico veterinaria.pdf","http://d6clinguas.fflch.usp.br/sites/d6clinguas.fflch.usp.br//files/Ingles Intermediário FMVZ.pdf","http://d6clinguas.fflch.usp.br/sites/d6clinguas.fflch.usp.br//files/Inglês  Básico FMVZ.pdf","http://d6clinguas.fflch.usp.br/sites/d6clinguas.fflch.usp.br//files/Inglês Básico - Veterinária.pdf",,,,,,,,,,,,,,,,,,,,,,,,,,,,,,,,,,,,,,,,,,,,,,,,,,,,,,,,,,,,,,
1406,"OFICINAS","http://d6clinguas.fflch.usp.br/sites/d6clinguas.fflch.usp.br//files/Jornada de Ensino de Português Língua Estrangeira.pdf","",,,,,,,,,,,,,,,,,,,,,,,,,,,,,,,,,,,,,,,,,,,,,,,,,,,,,,,,,,,,,,,,,,
3772,"Notas do 1º semestre de 2019","http://d6clinguas.fflch.usp.br/sites/d6clinguas.fflch.usp.br//files/leitura 1.pdf","http://d6clinguas.fflch.usp.br/sites/d6clinguas.fflch.usp.br//files/leitura 1 - 2.pdf","http://d6clinguas.fflch.usp.br/sites/d6clinguas.fflch.usp.br//files/notas e frequencia Ingles para Leitura 1 1o sem 2019_0.pdf","http://d6clinguas.fflch.usp.br/sites/d6clinguas.fflch.usp.br//files/Leitura 2.pdf","http://d6clinguas.fflch.usp.br/sites/d6clinguas.fflch.usp.br//files/CPLE 1 2019 tabela nota frequência.pdf","http://d6clinguas.fflch.usp.br/sites/d6clinguas.fflch.usp.br//files/IELTS 2019-1 Nota e frequência.pdf","http://d6clinguas.fflch.usp.br/sites/d6clinguas.fflch.usp.br//files/IELTS 2019-0 Nota e frequência.pdf","http://d6clinguas.fflch.usp.br/sites/d6clinguas.fflch.usp.br//files/TED Talks 2019-1 Nota e frequência.pdf","http://d6clinguas.fflch.usp.br/sites/d6clinguas.fflch.usp.br//files/Inglês para apresentações 2019-1 Nota e frequência (1).pdf","http://d6clinguas.fflch.usp.br/sites/d6clinguas.fflch.usp.br//files/notas e frequencia Ingles para Leitura 1 1o sem 2019.pdf","http://d6clinguas.fflch.usp.br/sites/d6clinguas.fflch.usp.br//files/notas e frequencia Ingles para Escrita Academica 1o sem 2019.pdf","http://d6clinguas.fflch.usp.br/sites/d6clinguas.fflch.usp.br//files/notas Graduandos 1 1sem2019.pdf","http://d6clinguas.fflch.usp.br/sites/d6clinguas.fflch.usp.br//files/notas graduandos 2 1sem2019.pdf","http://d6clinguas.fflch.usp.br/sites/d6clinguas.fflch.usp.br//files/notas Graduandos 3 1sem2019.pdf","http://d6clinguas.fflch.usp.br/sites/d6clinguas.fflch.usp.br//files/TOEFL 2019-1 Nota e frequência.pdf","http://d6clinguas.fflch.usp.br/sites/d6clinguas.fflch.usp.br//files/Notas.frequencia_Japones3.AKI_2019.pdf","http://d6clinguas.fflch.usp.br/sites/d6clinguas.fflch.usp.br//files/Notas.frequencia_Prep.N3-P1_2019.pdf","http://d6clinguas.fflch.usp.br/sites/d6clinguas.fflch.usp.br//files/Notas Japones1.HARU_2019.pdf","http://d6clinguas.fflch.usp.br/sites/d6clinguas.fflch.usp.br//files/nota.freq_SAKURA.ferias_jan.2019.pdf",,,,,,,,,,,,,,,,,,,,,,,,,,,,,,,,,,,,,,,,,,,,,,,,,
918,"Formulários - Funcionários DI - Reitoria","http://d6clinguas.fflch.usp.br/sites/d6clinguas.fflch.usp.br//files/Lista - Inglês ID.pdf",,,,,,,,,,,,,,,,,,,,,,,,,,,,,,,,,,,,,,,,,,,,,,,,,,,,,,,,,,,,,,,,,,,
915,"Formulários - Funcionários IEE - USP","http://d6clinguas.fflch.usp.br/sites/d6clinguas.fflch.usp.br//files/Lista - Inglês IEE.pdf",,,,,,,,,,,,,,,,,,,,,,,,,,,,,,,,,,,,,,,,,,,,,,,,,,,,,,,,,,,,,,,,,,,
1029,"Pró-Reitoria de Pós-Graduação (PRPG)","http://d6clinguas.fflch.usp.br/sites/d6clinguas.fflch.usp.br//files/Lista - Pós- Reitoria.pdf",,,,,,,,,,,,,,,,,,,,,,,,,,,,,,,,,,,,,,,,,,,,,,,,,,,,,,,,,,,,,,,,,,,
1006,"Formulários de matrícula - IBUSP - 2º semestre de 2012","http://d6clinguas.fflch.usp.br/sites/d6clinguas.fflch.usp.br//files/Lista - Produção Escrita em Inglês para Pós.pdf",,,,,,,,,,,,,,,,,,,,,,,,,,,,,,,,,,,,,,,,,,,,,,,,,,,,,,,,,,,,,,,,,,,
1039,"Instituto de Física","http://d6clinguas.fflch.usp.br/sites/d6clinguas.fflch.usp.br//files/LISTA DE ALUNOS DO INSTITUTO DE FÍSICA - Intermediario 2.pdf","http://d6clinguas.fflch.usp.br/sites/d6clinguas.fflch.usp.br//files/LISTA DE ALUNOS DO INSTITUTO DE FÍSICA - Introdutório.pdf","http://d6clinguas.fflch.usp.br/sites/d6clinguas.fflch.usp.br//files/LISTA DE ALUNOS DO INSTITUTO DE FÍSICA - Basico 3.pdf",,,,,,,,,,,,,,,,,,,,,,,,,,,,,,,,,,,,,,,,,,,,,,,,,,,,,,,,,,,,,,,,,
1416,"Listas de alunos que deverão realizar a rematrícula","http://d6clinguas.fflch.usp.br/sites/d6clinguas.fflch.usp.br//files/Lista de alunos para rematrícula - Nível A1-A2 (básico) - Módulo 2 (1)_0.pdf","http://d6clinguas.fflch.usp.br/sites/d6clinguas.fflch.usp.br//files/Lista de alunos para rematrícula - Nível A2-B1 (pré-intermediário) - Módulo 2_0.pdf","http://d6clinguas.fflch.usp.br/sites/d6clinguas.fflch.usp.br//files/Lista de alunos para rematrícula - Nível A2-B1 (pré-intermediário) – Módulo 1 (4).pdf","http://d6clinguas.fflch.usp.br/sites/d6clinguas.fflch.usp.br//files/Lista de alunos para rematrícula - Nível A1-A2 (básico) - Módulo 1 (2)_0.pdf","http://d6clinguas.fflch.usp.br/sites/d6clinguas.fflch.usp.br//files/Lista de alunos para rematrícula - Nível A1-A2 (básico) - Módulo 1 (2).pdf","http://d6clinguas.fflch.usp.br/sites/d6clinguas.fflch.usp.br//files/Lista de alunos para rematrícula - Nível A1 (elementar) - Módulo 1_0.pdf","http://d6clinguas.fflch.usp.br/sites/d6clinguas.fflch.usp.br//files/Lista de alunos para rematrícula - Nível A1 (elementar) - Módulo 2_0.pdf","http://d6clinguas.fflch.usp.br/sites/d6clinguas.fflch.usp.br//files/Lista de alunos para rematrícula - Nível A1-A2 (básico) - Módulo 1.pdf","http://d6clinguas.fflch.usp.br/sites/d6clinguas.fflch.usp.br//files/Lista de alunos para rematrícula - Nível A1-A2 (básico) - Módulo 2_0.pdf","http://d6clinguas.fflch.usp.br/sites/d6clinguas.fflch.usp.br//files/Lista de alunos para rematrícula - Nível A2-B1 (pré-intermediário) - Módulo 2.pdf","http://d6clinguas.fflch.usp.br/sites/d6clinguas.fflch.usp.br//files/Lista de alunos para rematrícula - Nível A2-B1 (pré-intermediário) _ Módulo 1.pdf","http://d6clinguas.fflch.usp.br/sites/d6clinguas.fflch.usp.br//files/Lista de alunos para rematrícula - Nível B1 (intermediário) - Módulo 1_0.pdf","http://d6clinguas.fflch.usp.br/sites/d6clinguas.fflch.usp.br//files/Lista de alunos para rematrícula - Nível B1 (intermediário) - Módulo 2.pdf","http://d6clinguas.fflch.usp.br/sites/d6clinguas.fflch.usp.br//files/Lista de alunos para rematrícula - Nível B2 (intermediário) - Módulo 2.pdf","http://d6clinguas.fflch.usp.br/sites/d6clinguas.fflch.usp.br//files/Lista de alunos para rematrícula - Nível C1 (avançado) - Módulo 2.pdf",,,,,,,,,,,,,,,,,,,,,,,,,,,,,,,,,,,,,,,,,,,,,,,,,,,,,
1221,"CURSO DE INGLÊS PARA FUNCIONÁRIOS USP","http://d6clinguas.fflch.usp.br/sites/d6clinguas.fflch.usp.br//files/Lista de alunos para rematrícula - Nível B2 (intermediário) – Módulo 1.pdf","http://d6clinguas.fflch.usp.br/sites/d6clinguas.fflch.usp.br//files/Lista de alunos para rematrícula - Nível A1 (elementar) - Módulo 1.pdf","http://d6clinguas.fflch.usp.br/sites/d6clinguas.fflch.usp.br//files/Lista de alunos para rematrícula - Nível A1 (elementar) - Módulo 2.pdf","","","","","http://d6clinguas.fflch.usp.br/sites/d6clinguas.fflch.usp.br//files/Lista de alunos para rematrícula - Nível A1-A2 (básico) - Módulo 1 (1).pdf",,,,,,,,,,,,,,,,,,,,,,,,,,,,,,,,,,,,,,,,,,,,,,,,,,,,,,,,,,,,
2492,"Inglês para funcionários – 2º semestre de 2016","http://d6clinguas.fflch.usp.br/sites/d6clinguas.fflch.usp.br//files/Lista de alunos para rematrícula_1.pdf","http://d6clinguas.fflch.usp.br/sites/d6clinguas.fflch.usp.br//files/Orientações sobre material didático_1.pdf","","http://d6clinguas.fflch.usp.br/sites/d6clinguas.fflch.usp.br//files/Resultado do teste de nível 2016-1.pdf",,,,,,,,,,,,,,,,,,,,,,,,,,,,,,,,,,,,,,,,,,,,,,,,,,,,,,,,,,,,,,,,
1159,"Proficiência em Inglês","http://d6clinguas.fflch.usp.br/sites/d6clinguas.fflch.usp.br//files/Lista de Vagas Remanescentes.pdf","http://d6clinguas.fflch.usp.br/sites/d6clinguas.fflch.usp.br//files/Lista de Vagas Remanescentes 2.pdf","http://d6clinguas.fflch.usp.br/sites/d6clinguas.fflch.usp.br//files/Lista de Vagas Remanescentes 3.pdf",,,,,,,,,,,,,,,,,,,,,,,,,,,,,,,,,,,,,,,,,,,,,,,,,,,,,,,,,,,,,,,,,
885,"Formulários - Funcionários AUSPIn","http://d6clinguas.fflch.usp.br/sites/d6clinguas.fflch.usp.br//files/Lista dos nomes.pdf",,,,,,,,,,,,,,,,,,,,,,,,,,,,,,,,,,,,,,,,,,,,,,,,,,,,,,,,,,,,,,,,,,,
899,"Curso de Língua Francesa à Distância -  FZEA/USP","http://d6clinguas.fflch.usp.br/sites/d6clinguas.fflch.usp.br//files/Lista dos que podem se inscrever.pdf",,,,,,,,,,,,,,,,,,,,,,,,,,,,,,,,,,,,,,,,,,,,,,,,,,,,,,,,,,,,,,,,,,,
913,"Formulários - Funcionários IME - USP","http://d6clinguas.fflch.usp.br/sites/d6clinguas.fflch.usp.br//files/Lista IME.pdf",,,,,,,,,,,,,,,,,,,,,,,,,,,,,,,,,,,,,,,,,,,,,,,,,,,,,,,,,,,,,,,,,,,
903,"Formulários - Funcionários IP","http://d6clinguas.fflch.usp.br/sites/d6clinguas.fflch.usp.br//files/Lista Turma 3.pdf","http://d6clinguas.fflch.usp.br/sites/d6clinguas.fflch.usp.br//files/Lista Turma 2.pdf","http://d6clinguas.fflch.usp.br/sites/d6clinguas.fflch.usp.br//files/Lista Turma 1.pdf","","","",,,,,,,,,,,,,,,,,,,,,,,,,,,,,,,,,,,,,,,,,,,,,,,,,,,,,,,,,,,,,,
1031,"Instituto de Matemática e Estatística","http://d6clinguas.fflch.usp.br/sites/d6clinguas.fflch.usp.br//files/Lista.Funcionarios.IME_.Nivel2_.pdf",,,,,,,,,,,,,,,,,,,,,,,,,,,,,,,,,,,,,,,,,,,,,,,,,,,,,,,,,,,,,,,,,,,
1033,"Formulários de matrícula - FSP  - 2º semestre de 2012","http://d6clinguas.fflch.usp.br/sites/d6clinguas.fflch.usp.br//files/Lista.pdf",,,,,,,,,,,,,,,,,,,,,,,,,,,,,,,,,,,,,,,,,,,,,,,,,,,,,,,,,,,,,,,,,,,
52,"Apresentação","http://d6clinguas.fflch.usp.br/sites/d6clinguas.fflch.usp.br//files/materia.folha_.jpg","http://d6clinguas.fflch.usp.br/sites/d6clinguas.fflch.usp.br//files/Logo grande.jpg",,,,,,,,,,,,,,,,,,,,,,,,,,,,,,,,,,,,,,,,,,,,,,,,,,,,,,,,,,,,,,,,,,
2141,"PROFICIÊNCIA EM PORTUGUÊS","http://d6clinguas.fflch.usp.br/sites/d6clinguas.fflch.usp.br//files/modelo de prova de proficiência.doc",,,,,,,,,,,,,,,,,,,,,,,,,,,,,,,,,,,,,,,,,,,,,,,,,,,,,,,,,,,,,,,,,,,
1526,"Notas do 1º semestre de 2014 – Funcionários","http://d6clinguas.fflch.usp.br/sites/d6clinguas.fflch.usp.br//files/Nota e frequência 2014-2.pdf","http://d6clinguas.fflch.usp.br/sites/d6clinguas.fflch.usp.br//files/Nota e frequência 2014-1_0.pdf","http://d6clinguas.fflch.usp.br/sites/d6clinguas.fflch.usp.br//files/LEF FAU Manhã - Notas.pdf","http://d6clinguas.fflch.usp.br/sites/d6clinguas.fflch.usp.br//files/LEF FAU Tarde - Notas.pdf",,,,,,,,,,,,,,,,,,,,,,,,,,,,,,,,,,,,,,,,,,,,,,,,,,,,,,,,,,,,,,,,
1410,"Notas do 2º semestre de 2013 – Funcionários","http://d6clinguas.fflch.usp.br/sites/d6clinguas.fflch.usp.br//files/Nota e frequência Nível A1-A2 (básico) - módulo 2 2013-2 (1).pdf","http://d6clinguas.fflch.usp.br/sites/d6clinguas.fflch.usp.br//files/Nota e frequência Nível A2-B1 (pré-intermediário) - módulo 2 2013-2.pdf","http://d6clinguas.fflch.usp.br/sites/d6clinguas.fflch.usp.br//files/Nota e frequência Nível B1 (intermediário) - módulo 1 2013-2.pdf","http://d6clinguas.fflch.usp.br/sites/d6clinguas.fflch.usp.br//files/Nota e frequência Nível A1 (elementar) - módulo 1 2013-2 (1).pdf","http://d6clinguas.fflch.usp.br/sites/d6clinguas.fflch.usp.br//files/Nota e frequência Nível A1 (elementar) - módulo 2 2013-2.pdf","http://d6clinguas.fflch.usp.br/sites/d6clinguas.fflch.usp.br//files/Nota e frequência Nível A1-A2 (básico) - módulo 1 2013-2.pdf","http://d6clinguas.fflch.usp.br/sites/d6clinguas.fflch.usp.br//files/Nota e frequência Nível A2-B1 (pré-intermediário) - módulo 1 2013-2.pdf","http://d6clinguas.fflch.usp.br/sites/d6clinguas.fflch.usp.br//files/Nota e frequência - Química.pdf","","http://d6clinguas.fflch.usp.br/sites/d6clinguas.fflch.usp.br//files/Nota e frequência Nível B2 (intermediário) - módulo 1 2013-2.pdf","http://d6clinguas.fflch.usp.br/sites/d6clinguas.fflch.usp.br//files/Nota e frequência Nível C1 (avançado) - módulo 1 2013-2.pdf","http://d6clinguas.fflch.usp.br/sites/d6clinguas.fflch.usp.br//files/FMVZ Nota e frequência Nível B1 2013-2.pdf","http://d6clinguas.fflch.usp.br/sites/d6clinguas.fflch.usp.br//files/FMVZ Nota e frequência Nível A1-A2 2013-2.pdf","",,,,,,,,,,,,,,,,,,,,,,,,,,,,,,,,,,,,,,,,,,,,,,,,,,,,,,
1411,"Notas do 2º semestre de 2013","http://d6clinguas.fflch.usp.br/sites/d6clinguas.fflch.usp.br//files/Notas e frequência - Básico II - Turma 1 - 20132.pdf","","","","","","","","","","","","http://d6clinguas.fflch.usp.br/sites/d6clinguas.fflch.usp.br//files/notas websitio arabe II.pdf","http://d6clinguas.fflch.usp.br/sites/d6clinguas.fflch.usp.br//files/notas websitio arabe III.pdf","","http://d6clinguas.fflch.usp.br/sites/d6clinguas.fflch.usp.br//files/notas Leit. Lingua Ingl 1 2a 4a Nivia 2o 2013.pdf","http://d6clinguas.fflch.usp.br/sites/d6clinguas.fflch.usp.br//files/INGLÊS PARA ESCRITA ACADÊMICA 2o sem 2013.pdf","","","","","","","http://d6clinguas.fflch.usp.br/sites/d6clinguas.fflch.usp.br//files/Oficinas de redação Nota e frequência 2013-1.pdf","http://d6clinguas.fflch.usp.br/sites/d6clinguas.fflch.usp.br//files/Inglês para apresentações 2013-2 Notas e frequência.pdf","http://d6clinguas.fflch.usp.br/sites/d6clinguas.fflch.usp.br//files/notas 2sem2013 N1 Angela 12h.pdf","http://d6clinguas.fflch.usp.br/sites/d6clinguas.fflch.usp.br//files/notas 2sem2013 N1 Angela 14h.pdf","http://d6clinguas.fflch.usp.br/sites/d6clinguas.fflch.usp.br//files/notas 2sem2013 N2 Angela 14h.pdf","","","","","http://d6clinguas.fflch.usp.br/sites/d6clinguas.fflch.usp.br//files/Inglês para graduandos_Nível I_Notas 22013.pdf","http://d6clinguas.fflch.usp.br/sites/d6clinguas.fflch.usp.br//files/Inglês acadêmico para pós-graduandos_Notas 22013.pdf","","","","","","","","http://d6clinguas.fflch.usp.br/sites/d6clinguas.fflch.usp.br//files/notas e frequencias_nivel1_ANA seg qua 9 horas 2_2013.pdf","http://d6clinguas.fflch.usp.br/sites/d6clinguas.fflch.usp.br//files/notas e frequencias_nivel1_ANA seg_qua 12-14h2_2013.pdf","http://d6clinguas.fflch.usp.br/sites/d6clinguas.fflch.usp.br//files/Notas_nivel2_ANA terças_2_2013-FINAL.pdf","http://d6clinguas.fflch.usp.br/sites/d6clinguas.fflch.usp.br//files/Nota e frequência - CPLE - Paola Mandalá (1).pdf","http://d6clinguas.fflch.usp.br/sites/d6clinguas.fflch.usp.br//files/Notas B1 seg e qua (1).pdf","","","","http://d6clinguas.fflch.usp.br/sites/d6clinguas.fflch.usp.br//files/Leitura Italiano I Notas e Frequência.pdf","http://d6clinguas.fflch.usp.br/sites/d6clinguas.fflch.usp.br//files/Leitura Italiano II Notas e Frequência.pdf","","","","","","","","","http://d6clinguas.fflch.usp.br/sites/d6clinguas.fflch.usp.br//files/Leitura em língua espanhola 22013.pdf",,,,,,,,
1253,"Eventos","http://d6clinguas.fflch.usp.br/sites/d6clinguas.fflch.usp.br//files/Oficinas de Ensino e Mediação - Centro de Línguas.pdf","http://d6clinguas.fflch.usp.br/sites/d6clinguas.fflch.usp.br//files/Oficinas de Ensino e Mediação - Centro de Línguas_0.pdf","http://d6clinguas.fflch.usp.br/sites/d6clinguas.fflch.usp.br//files/Oficinas de Ensino e Mediação - Centro de Línguas_1.pdf",,,,,,,,,,,,,,,,,,,,,,,,,,,,,,,,,,,,,,,,,,,,,,,,,,,,,,,,,,,,,,,,,
871,"Produção Escrita em Inglês na área de Ciências Biológicas","http://d6clinguas.fflch.usp.br/sites/d6clinguas.fflch.usp.br//files/Produção acadêmica em Inglês - programa.pdf",,,,,,,,,,,,,,,,,,,,,,,,,,,,,,,,,,,,,,,,,,,,,,,,,,,,,,,,,,,,,,,,,,,
2748,"Inglês em Contexto Acadêmico","http://d6clinguas.fflch.usp.br/sites/d6clinguas.fflch.usp.br//files/Programa de curso Inglês em Contexto Acadêmico 2017-1.doc",,,,,,,,,,,,,,,,,,,,,,,,,,,,,,,,,,,,,,,,,,,,,,,,,,,,,,,,,,,,,,,,,,,
2681,"Programa - Inglês para Leitura – Nível I ","http://d6clinguas.fflch.usp.br/sites/d6clinguas.fflch.usp.br//files/Programa de curso Inglês para leitura nível 1 2017-1.pdf",,,,,,,,,,,,,,,,,,,,,,,,,,,,,,,,,,,,,,,,,,,,,,,,,,,,,,,,,,,,,,,,,,,
2682,"Programa - Inglês para Leitura de Textos – Nível II","http://d6clinguas.fflch.usp.br/sites/d6clinguas.fflch.usp.br//files/Programa de curso Inglês para leitura nível 2 2017-1.pdf",,,,,,,,,,,,,,,,,,,,,,,,,,,,,,,,,,,,,,,,,,,,,,,,,,,,,,,,,,,,,,,,,,,
4063,"Curso de Português para Estrangeiros","http://d6clinguas.fflch.usp.br/sites/d6clinguas.fflch.usp.br//files/Programa do n_vel B.pdf","http://d6clinguas.fflch.usp.br/sites/d6clinguas.fflch.usp.br//files/Programa de Curso - n_vel A.pdf","http://d6clinguas.fflch.usp.br/sites/d6clinguas.fflch.usp.br//files/Programa de curso - n_vel C.pdf",,,,,,,,,,,,,,,,,,,,,,,,,,,,,,,,,,,,,,,,,,,,,,,,,,,,,,,,,,,,,,,,,
2581,"Testes de nível dos cursos de japonês - 2º semestre/2016","http://d6clinguas.fflch.usp.br/sites/d6clinguas.fflch.usp.br//files/resultado_teste.nivel_.NATSU_10.ago_.2016.pdf",,,,,,,,,,,,,,,,,,,,,,,,,,,,,,,,,,,,,,,,,,,,,,,,,,,,,,,,,,,,,,,,,,,
2740,"Notas do 2º semestre de 2018","http://d6clinguas.fflch.usp.br/sites/d6clinguas.fflch.usp.br//files/tabela.notas_redacao.intensivo_dez.2018.pdf","http://d6clinguas.fflch.usp.br/sites/d6clinguas.fflch.usp.br//files/portugueslinguaestrangeira_2016 sem2.pdf","http://d6clinguas.fflch.usp.br/sites/d6clinguas.fflch.usp.br//files/Japones Basico 2 Natsu 2º semestre de 2016.pdf","http://d6clinguas.fflch.usp.br/sites/d6clinguas.fflch.usp.br//files/Curso Preparatorio N3 JLPT 2 - 2º semestre de 2016.pdf","http://d6clinguas.fflch.usp.br/sites/d6clinguas.fflch.usp.br//files/notas.frequencia_Prat.leitura2_2018.pdf","http://d6clinguas.fflch.usp.br/sites/d6clinguas.fflch.usp.br//files/notas.frequencia_Prep.N3-P2_2018.pdf","http://d6clinguas.fflch.usp.br/sites/d6clinguas.fflch.usp.br//files/notas.frequencia_Jap2-Natsu_2018.pdf","http://d6clinguas.fflch.usp.br/sites/d6clinguas.fflch.usp.br//files/Inglês para apresentações 2018-2 Nota e frequência.pdf","http://d6clinguas.fflch.usp.br/sites/d6clinguas.fflch.usp.br//files/TOEFL 2018-2 Nota e frequência.pdf","http://d6clinguas.fflch.usp.br/sites/d6clinguas.fflch.usp.br//files/TED Talks 2018-2 Nota e frequência.pdf","http://d6clinguas.fflch.usp.br/sites/d6clinguas.fflch.usp.br//files/CPLE 2 2018 tabela nota frequência.doc","http://d6clinguas.fflch.usp.br/sites/d6clinguas.fflch.usp.br//files/CPLE 2 2018 tabela nota frequência (1)-converted.pdf","http://d6clinguas.fflch.usp.br/sites/d6clinguas.fflch.usp.br//files/IELTS 2018-2 Nota e frequência.pdf","http://d6clinguas.fflch.usp.br/sites/d6clinguas.fflch.usp.br//files/IELTS 2018-2 Nota e frequência_0.pdf","http://d6clinguas.fflch.usp.br/sites/d6clinguas.fflch.usp.br//files/Inglês para leitura _Nível 1_segunda_quarta_9as11horas_2_2018.doc","http://d6clinguas.fflch.usp.br/sites/d6clinguas.fflch.usp.br//files/Inglês para leitura _Nível 1_segunda_quarta_12as14horas_2_2018.doc","http://d6clinguas.fflch.usp.br/sites/d6clinguas.fflch.usp.br//files/Notas - Ingles para leitura de textos.pdf","http://d6clinguas.fflch.usp.br/sites/d6clinguas.fflch.usp.br//files/Inglês para leitura _Nível 2_terças_12as14 horas_2_2018.doc","http://d6clinguas.fflch.usp.br/sites/d6clinguas.fflch.usp.br//files/notas contexto 2sem2018.pdf","http://d6clinguas.fflch.usp.br/sites/d6clinguas.fflch.usp.br//files/notas grad 1 2sem2018.pdf","http://d6clinguas.fflch.usp.br/sites/d6clinguas.fflch.usp.br//files/notas grad 2 2sem2018.pdf","http://d6clinguas.fflch.usp.br/sites/d6clinguas.fflch.usp.br//files/notas grad 3 2sem2018.pdf","http://d6clinguas.fflch.usp.br/sites/d6clinguas.fflch.usp.br//files/Nota escrita academica.pdf","",,,,,,,,,,,,,,,,,,,,,,,,,,,,,,,,,,,,,,,,,,,,
4094,"Notas do 1º semestre de 2020","http://d6clinguas.fflch.usp.br/sites/d6clinguas.fflch.usp.br//files/TOEFL 2020-0 Nota e frequência.pdf","http://d6clinguas.fflch.usp.br/sites/d6clinguas.fflch.usp.br//files/nota.frequencia_SAKURA_ferias-jan.2020_atual.pdf","http://d6clinguas.fflch.usp.br/sites/d6clinguas.fflch.usp.br//files/Nota.freq_intensivo.Praticas.Leit_.Jap_fev.2020.pdf",,,,,,,,,,,,,,,,,,,,,,,,,,,,,,,,,,,,,,,,,,,,,,,,,,,,,,,,,,,,,,,,,
3898,"Conversação e escrita em Português para Imigrantes e Refugiados - Avançado","http://d6clinguas.fflch.usp.br/sites/d6clinguas.fflch.usp.br//files/Vivências em Português_0_0.pdf",,,,,,,,,,,,,,,,,,,,,,,,,,,,,,,,,,,,,,,,,,,,,,,,,,,,,,,,,,,,,,,,,,,
3838,"Conversação e escrita em Português para Imigrantes e Refugiados - Nível Básico","http://d6clinguas.fflch.usp.br/sites/d6clinguas.fflch.usp.br//files/Vivências em Português_0.pdf",,,,,,,,,,,,,,,,,,,,,,,,,,,,,,,,,,,,,,,,,,,,,,,,,,,,,,,,,,,,,,,,,,,
3770,"Conversação e escrita em Português para Imigrantes e Refugiados","http://d6clinguas.fflch.usp.br/sites/d6clinguas.fflch.usp.br//files/Vivências em Português.pdf",,,,,,,,,,,,,,,,,,,,,,,,,,,,,,,,,,,,,,,,,,,,,,,,,,,,,,,,,,,,,,,,,,,
