"nid","title","upload","upload","upload","upload","upload","upload","upload","upload","upload","upload","upload","upload","upload","upload","upload","upload","upload","upload","upload","upload","upload","upload","upload","upload","upload","upload","upload","upload","upload","upload","upload","upload","upload","upload","upload","upload","upload","upload","upload","upload","upload","upload","upload","upload","upload","upload","upload","upload","upload","upload","upload","upload","upload","upload","upload","upload","upload","upload","upload","upload","upload","upload","upload","upload","upload","upload","upload","upload","upload","upload","upload","upload","upload","upload","upload","upload","upload","upload","upload","upload","upload","upload","upload","upload","upload","upload","upload","upload","upload","upload","upload","upload","upload","upload","upload","upload","upload","upload","upload","upload","upload","upload","upload","upload","upload","upload","upload","upload","upload","upload","upload","upload","upload","upload","upload","upload","upload","upload","upload","upload","upload","upload","upload","upload","upload","upload","upload","upload","upload"
429,"Vaga para monitor bolsista no Centro de Línguas","",,,,,,,,,,,,,,,,,,,,,,,,,,,,,,,,,,,,,,,,,,,,,,,,,,,,,,,,,,,,,,,,,,,,,,,,,,,,,,,,,,,,,,,,,,,,,,,,,,,,,,,,,,,,,,,,,,,,,,,,,,,,,,,,
865,"Inscrições para o curso Espanhol para Graduação em Humanidades - Vagas Remanescentes.","",,,,,,,,,,,,,,,,,,,,,,,,,,,,,,,,,,,,,,,,,,,,,,,,,,,,,,,,,,,,,,,,,,,,,,,,,,,,,,,,,,,,,,,,,,,,,,,,,,,,,,,,,,,,,,,,,,,,,,,,,,,,,,,,
1155,"Vaga de monitor bolsista Suaíli","",,,,,,,,,,,,,,,,,,,,,,,,,,,,,,,,,,,,,,,,,,,,,,,,,,,,,,,,,,,,,,,,,,,,,,,,,,,,,,,,,,,,,,,,,,,,,,,,,,,,,,,,,,,,,,,,,,,,,,,,,,,,,,,,
1415,"Vaga de estagiário– SECRETARIA","",,,,,,,,,,,,,,,,,,,,,,,,,,,,,,,,,,,,,,,,,,,,,,,,,,,,,,,,,,,,,,,,,,,,,,,,,,,,,,,,,,,,,,,,,,,,,,,,,,,,,,,,,,,,,,,,,,,,,,,,,,,,,,,,
409,"Matriculados por turma","","",,,,,,,,,,,,,,,,,,,,,,,,,,,,,,,,,,,,,,,,,,,,,,,,,,,,,,,,,,,,,,,,,,,,,,,,,,,,,,,,,,,,,,,,,,,,,,,,,,,,,,,,,,,,,,,,,,,,,,,,,,,,,,,
407,"Matriculados por turma","","","","",,,,,,,,,,,,,,,,,,,,,,,,,,,,,,,,,,,,,,,,,,,,,,,,,,,,,,,,,,,,,,,,,,,,,,,,,,,,,,,,,,,,,,,,,,,,,,,,,,,,,,,,,,,,,,,,,,,,,,,,,,,,,
30,"Proficiência em Italiano","","","","","","","","","","","http://d6clinguas.fflch.usp.br/sites/d6clinguas.fflch.usp.br/files/PROVA MODELO - TEXTO E QUESTÕES.pdf","http://d6clinguas.fflch.usp.br/sites/d6clinguas.fflch.usp.br/files/PROVA MODELO - GABARITO.pdf","","http://d6clinguas.fflch.usp.br/sites/d6clinguas.fflch.usp.br/files/2004 IEB","PPGHDL","PGEHA - EDITAL.pdf","http://d6clinguas.fflch.usp.br/sites/d6clinguas.fflch.usp.br/files/2004 LETRAS - EDITAL.pdf",,,,,,,,,,,,,,,,,,,,,,,,,,,,,,,,,,,,,,,,,,,,,,,,,,,,,,,,,,,,,,,,,,,,,,,,,,,,,,,,,,,,,,,,,,,,,,,,,,,,,,,,,,,,,,,,
679,"Proficiência em Espanhol","","","","","http://d6clinguas.fflch.usp.br/sites/d6clinguas.fflch.usp.br/files/FAQ_Informacoes Sobre o Exame_Espanhol.pdf","http://d6clinguas.fflch.usp.br/sites/d6clinguas.fflch.usp.br/files/MODELO DE PROVA.pdf","http://d6clinguas.fflch.usp.br/sites/d6clinguas.fflch.usp.br/files/Edital_2003Humanidades_0.pdf",,,,,,,,,,,,,,,,,,,,,,,,,,,,,,,,,,,,,,,,,,,,,,,,,,,,,,,,,,,,,,,,,,,,,,,,,,,,,,,,,,,,,,,,,,,,,,,,,,,,,,,,,,,,,,,,,,,,,,,,,,
1217,"Notas do 1º semestre de 2013","","","http://d6clinguas.fflch.usp.br/sites/d6clinguas.fflch.usp.br/files/PLE B 4a 14h site.pdf","http://d6clinguas.fflch.usp.br/sites/d6clinguas.fflch.usp.br/files/PLE B 4a 16h site.pdf","http://d6clinguas.fflch.usp.br/sites/d6clinguas.fflch.usp.br/files/PLE B 5a 14h site.pdf","http://d6clinguas.fflch.usp.br/sites/d6clinguas.fflch.usp.br/files/PLE B 5a 16h site.pdf","","","","","","","","","","","","","http://d6clinguas.fflch.usp.br/sites/d6clinguas.fflch.usp.br/files/nota e frequência 2013 sem1 GEPLE.pdf","","","http://d6clinguas.fflch.usp.br/sites/d6clinguas.fflch.usp.br/files/notas Leit. Lingua Ingl 1 2a 4a Nivia 1o  2013.pdf","http://d6clinguas.fflch.usp.br/sites/d6clinguas.fflch.usp.br/files/notas Leit. Lingua Ingl 1 2a 4a Nivia 1o  2013_0.pdf","","","http://d6clinguas.fflch.usp.br/sites/d6clinguas.fflch.usp.br/files/Inglês Básico IV - Julia Tinoco.pdf","","","","http://d6clinguas.fflch.usp.br/sites/d6clinguas.fflch.usp.br/files/jonas  c saldanha tabela nota.frequencia.para_.o.site sabado intermediario 2.pdf","","","","","","","http://d6clinguas.fflch.usp.br/sites/d6clinguas.fflch.usp.br/files/nota-frequencia-KANJI-4-2SEM-2013 (1).pdf","","","","http://d6clinguas.fflch.usp.br/sites/d6clinguas.fflch.usp.br/files/nota.frequencia.para_.publicar-1.pdf","","http://d6clinguas.fflch.usp.br/sites/d6clinguas.fflch.usp.br/files/Japonês Pré-intermediário.pdf","","http://d6clinguas.fflch.usp.br/sites/d6clinguas.fflch.usp.br/files/Leitura em Língua Espanhola 2ª e 4° 16h Juliana Oliveira.pdf","","","http://d6clinguas.fflch.usp.br/sites/d6clinguas.fflch.usp.br/files/Notas_Práticas de Leitura em Francês_Turma 5.pdf","","","","","http://d6clinguas.fflch.usp.br/sites/d6clinguas.fflch.usp.br/files/nota e frequência 2013 sem1 RAG1.pdf","http://d6clinguas.fflch.usp.br/sites/d6clinguas.fflch.usp.br/files/nota e frequência 2013 sem1 RAG2.pdf","http://d6clinguas.fflch.usp.br/sites/d6clinguas.fflch.usp.br/files/nota e frequência 2013 sem1 RAPG1.pdf","http://d6clinguas.fflch.usp.br/sites/d6clinguas.fflch.usp.br/files/nota e frequência 2013 sem1 RAPG2.pdf","http://d6clinguas.fflch.usp.br/sites/d6clinguas.fflch.usp.br/files/nota e frequência 2013 sem1 RAPG3.pdf","",,,,,,,,,,,,,,,,,,,,,,,,,,,,,,,,,,,,,,,,,,,,,,,,,,,,,,,,,,,,,,,,,,,,,,,
1109,"Vaga de monitor bolsista em Grego - Edital","","http://d6clinguas.fflch.usp.br/sites/d6clinguas.fflch.usp.br/files/Edital ATAC-006-13-CL-Grego.pdf","http://d6clinguas.fflch.usp.br/sites/d6clinguas.fflch.usp.br/files/Edital-CL grego.pdf",,,,,,,,,,,,,,,,,,,,,,,,,,,,,,,,,,,,,,,,,,,,,,,,,,,,,,,,,,,,,,,,,,,,,,,,,,,,,,,,,,,,,,,,,,,,,,,,,,,,,,,,,,,,,,,,,,,,,,,,,,,,,,
1115,"Vaga de monitor bolsista Administrativo para área de Francês","","http://d6clinguas.fflch.usp.br/sites/d6clinguas.fflch.usp.br/files/Edital ATAC-012-13-CL-Francês (1).pdf","http://d6clinguas.fflch.usp.br/sites/d6clinguas.fflch.usp.br/files/Edital ATAC-066-13-CL-Francês.pdf","http://d6clinguas.fflch.usp.br/sites/d6clinguas.fflch.usp.br/files/FRANCES - edital_2o_semestre.doc","","http://d6clinguas.fflch.usp.br/sites/d6clinguas.fflch.usp.br/files/Edital ATAC-083-13-CL-20h.pdf","http://d6clinguas.fflch.usp.br/sites/d6clinguas.fflch.usp.br/files/Abertura de vagas Francês_ADM_2013_final.pdf","",,,,,,,,,,,,,,,,,,,,,,,,,,,,,,,,,,,,,,,,,,,,,,,,,,,,,,,,,,,,,,,,,,,,,,,,,,,,,,,,,,,,,,,,,,,,,,,,,,,,,,,,,,,,,,,,,,,,,,,,,
29,"Proficiência em Francês","","http://d6clinguas.fflch.usp.br/sites/d6clinguas.fflch.usp.br/files/FAQ da proficiência em francês_0.pdf","http://d6clinguas.fflch.usp.br/sites/d6clinguas.fflch.usp.br/files/Como acessar o boleto para o exame de proficiência em francês.pdf","http://d6clinguas.fflch.usp.br/sites/d6clinguas.fflch.usp.br/files/Modelo de prova 3.pdf","http://d6clinguas.fflch.usp.br/sites/d6clinguas.fflch.usp.br/files/Modelo de prova 1.pdf","http://d6clinguas.fflch.usp.br/sites/d6clinguas.fflch.usp.br/files/Modelo de prova 2.pdf",,,,,,,,,,,,,,,,,,,,,,,,,,,,,,,,,,,,,,,,,,,,,,,,,,,,,,,,,,,,,,,,,,,,,,,,,,,,,,,,,,,,,,,,,,,,,,,,,,,,,,,,,,,,,,,,,,,,,,,,,,,
1021,"Proficiência em Japonês","","http://d6clinguas.fflch.usp.br/sites/d6clinguas.fflch.usp.br/files/prova.proficiencia_JAPONES_modelo.pdf","http://d6clinguas.fflch.usp.br/sites/d6clinguas.fflch.usp.br/files/GABARITO_Japonês_1909LETRAS_05092019.pdf","http://d6clinguas.fflch.usp.br/sites/d6clinguas.fflch.usp.br/files/como.acessar.o.boleto.para_.o.exame_.de_.proficiencia.em_.japones.pdf","http://d6clinguas.fflch.usp.br/sites/d6clinguas.fflch.usp.br/files/GABARITO_1709.Letras_Japones.pdf","http://d6clinguas.fflch.usp.br/sites/d6clinguas.fflch.usp.br/files/edital_11042017.pdf","http://d6clinguas.fflch.usp.br/sites/d6clinguas.fflch.usp.br/files/edital_18042019.pdf","http://d6clinguas.fflch.usp.br/sites/d6clinguas.fflch.usp.br/files/edital_08042020.pdf","http://d6clinguas.fflch.usp.br/sites/d6clinguas.fflch.usp.br/files/GABARITO_1704.Letras_11042017.pdf","http://d6clinguas.fflch.usp.br/sites/d6clinguas.fflch.usp.br/files/edital_05092017.pdf","http://d6clinguas.fflch.usp.br/sites/d6clinguas.fflch.usp.br/files/edital_05092018.pdf","http://d6clinguas.fflch.usp.br/sites/d6clinguas.fflch.usp.br/files/GABARITO_Japones_1809.Letras.pdf","http://d6clinguas.fflch.usp.br/sites/d6clinguas.fflch.usp.br/files/edital_05092019.pdf","http://d6clinguas.fflch.usp.br/sites/d6clinguas.fflch.usp.br/files/edital_27032018.pdf",,,,,,,,,,,,,,,,,,,,,,,,,,,,,,,,,,,,,,,,,,,,,,,,,,,,,,,,,,,,,,,,,,,,,,,,,,,,,,,,,,,,,,,,,,,,,,,,,,,,,,,,,,,,,,,,,,,
1810,"SALAS","http://d6clinguas.fflch.usp.br/sites/d6clinguas.fflch.usp.br/files/2_3.png","http://d6clinguas.fflch.usp.br/sites/d6clinguas.fflch.usp.br/files/1_2.png","http://d6clinguas.fflch.usp.br/sites/d6clinguas.fflch.usp.br/files/4_0.png","http://d6clinguas.fflch.usp.br/sites/d6clinguas.fflch.usp.br/files/3_0.png",,,,,,,,,,,,,,,,,,,,,,,,,,,,,,,,,,,,,,,,,,,,,,,,,,,,,,,,,,,,,,,,,,,,,,,,,,,,,,,,,,,,,,,,,,,,,,,,,,,,,,,,,,,,,,,,,,,,,,,,,,,,,
957,"Notas do 1º semestre de 2012","http://d6clinguas.fflch.usp.br/sites/d6clinguas.fflch.usp.br/files/Alemao Instrumental 1 - Notas e frequencia.pdf","http://d6clinguas.fflch.usp.br/sites/d6clinguas.fflch.usp.br/files/Alemao Instrumental 2 - Notas e frequencia.pdf","http://d6clinguas.fflch.usp.br/sites/d6clinguas.fflch.usp.br/files/Notas- Arabe seg e quarta.pdf","http://d6clinguas.fflch.usp.br/sites/d6clinguas.fflch.usp.br/files/Notas- Arabe ter e qui.pdf","http://d6clinguas.fflch.usp.br/sites/d6clinguas.fflch.usp.br/files/Notas arabe 2 turma 1sem 2012.pdf","","","","","http://d6clinguas.fflch.usp.br/sites/d6clinguas.fflch.usp.br/files/Ple - Camila Omena - turma 3ªfeira - 18h-20h.pdf","http://d6clinguas.fflch.usp.br/sites/d6clinguas.fflch.usp.br/files/Ple - Camila Omena - turma 2ªfeira - 10h-12h.pdf","http://d6clinguas.fflch.usp.br/sites/d6clinguas.fflch.usp.br/files/Ple - Camila Omena - turma 4ªfeira - 10h-12h.pdf","","","","","http://d6clinguas.fflch.usp.br/sites/d6clinguas.fflch.usp.br/files/Ple - Camila Omena - turma 5ªfeira - 18h-20h.pdf","http://d6clinguas.fflch.usp.br/sites/d6clinguas.fflch.usp.br/files/Gramática aplicada ao ensino de PLE- 3ª 14h-16h Profª Betty Salum.pdf","","","","","","","","","","","","","","","http://d6clinguas.fflch.usp.br/sites/d6clinguas.fflch.usp.br/files/Leitura em Língua Espanhola - sábado-9h-13h- Profª Robertha  Oliveira.pdf","http://d6clinguas.fflch.usp.br/sites/d6clinguas.fflch.usp.br/files/Francês Instrumental I - 3ª e 5ª - 12h-14h - Prof Karina.pdf","http://d6clinguas.fflch.usp.br/sites/d6clinguas.fflch.usp.br/files/Francês Instrumental I - 3ª e 5ª - 14h-16h - Prof Karina.pdf","http://d6clinguas.fflch.usp.br/sites/d6clinguas.fflch.usp.br/files/Francês Instrumental I - 3ª e 5ª - 16h-18h - Prof Karina.pdf","http://d6clinguas.fflch.usp.br/sites/d6clinguas.fflch.usp.br/files/Frances Instrumental I - sábado - 8h-12h Turma 7 - Livia.pdf","http://d6clinguas.fflch.usp.br/sites/d6clinguas.fflch.usp.br/files/Francês Instrumental II - 3ª - 12h-14h - Proª Carolina Madruga.pdf","http://d6clinguas.fflch.usp.br/sites/d6clinguas.fflch.usp.br/files/Francês Instrumental II - Juliana_sexta - 12h-14h.pdf","http://d6clinguas.fflch.usp.br/sites/d6clinguas.fflch.usp.br/files/Francês Instrumental II - Juliana_sabado - 8h30 - 10h30.pdf","http://d6clinguas.fflch.usp.br/sites/d6clinguas.fflch.usp.br/files/Grego - 3ª 5ª - 14h-16h - Profª Karen Sacconi.pdf","http://d6clinguas.fflch.usp.br/sites/d6clinguas.fflch.usp.br/files/Grego - sábado - Profª Karen.pdf","http://d6clinguas.fflch.usp.br/sites/d6clinguas.fflch.usp.br/files/Inglês Básico II - sábado - 8h-12h - Prof. Fabiano II.pdf","http://d6clinguas.fflch.usp.br/sites/d6clinguas.fflch.usp.br/files/Inglês Basico III - Ana Paula - sábado.pdf","http://d6clinguas.fflch.usp.br/sites/d6clinguas.fflch.usp.br/files/Inglês - Básico IV - FMVZ - sábados - Profª Caroline.pdf","http://d6clinguas.fflch.usp.br/sites/d6clinguas.fflch.usp.br/files/PINTERII.Ingrid - sábado - 8h-12h15.pdf","http://d6clinguas.fflch.usp.br/sites/d6clinguas.fflch.usp.br/files/Inglês Intermediário I - 3ª e 5ª - 12h-14h - Prof. Thiago.pdf","http://d6clinguas.fflch.usp.br/sites/d6clinguas.fflch.usp.br/files/Inglês para LT I - 9h-11h_AnaSilvia.pdf","http://d6clinguas.fflch.usp.br/sites/d6clinguas.fflch.usp.br/files/Inglês para LT - 12h-14h AnaSilvia.pdf","http://d6clinguas.fflch.usp.br/sites/d6clinguas.fflch.usp.br/files/Leitura em Inglês I Nivia seg e qua - 14h16h.pdf","http://d6clinguas.fflch.usp.br/sites/d6clinguas.fflch.usp.br/files/Inglês para Leitura de Textos I - 3ª 5ª - 12h-14h - Profª Angela Corte.pdf","http://d6clinguas.fflch.usp.br/sites/d6clinguas.fflch.usp.br/files/Inglês para leitura de textos I - 3ª e 5ª - 14h-16h - Profª Angela Corte.pdf","http://d6clinguas.fflch.usp.br/sites/d6clinguas.fflch.usp.br/files/Inglês para Leitura de Textos II - 4ª - 14h-16h - Profª Angela Corte.pdf","http://d6clinguas.fflch.usp.br/sites/d6clinguas.fflch.usp.br/files/Inglês_EE_Básico 3.pdf","http://d6clinguas.fflch.usp.br/sites/d6clinguas.fflch.usp.br/files/IMT Inglês Basic 1 IMT - 3ª e 5ª - 12h-13h - Danilo.pdf","http://d6clinguas.fflch.usp.br/sites/d6clinguas.fflch.usp.br/files/Inglês Intermediário- IMT- 2as e  4as-12h-13h30- Profª Regiane Ramos.pdf","","","","http://d6clinguas.fflch.usp.br/sites/d6clinguas.fflch.usp.br/files/Inglês Intermediário - IF - 3ª 5ª - 12h-13h30 - Profª Caroline.pdf","","","","","http://d6clinguas.fflch.usp.br/sites/d6clinguas.fflch.usp.br/files/Inglês_IP_A2.B1.pdf","","http://d6clinguas.fflch.usp.br/sites/d6clinguas.fflch.usp.br/files/PRODUÇÃO ESCRITA IB - REGINA LEÃO.pdf","","","http://d6clinguas.fflch.usp.br/sites/d6clinguas.fflch.usp.br/files/Inglês instrumental oral 2012-1 Notas e frequência.pdf","","http://d6clinguas.fflch.usp.br/sites/d6clinguas.fflch.usp.br/files/Introdução ao Grego Antigo I - 3ª e 5ª - 14h-16h - Prof. Karen.pdf","http://d6clinguas.fflch.usp.br/sites/d6clinguas.fflch.usp.br/files/Introdução ao Grego Antigo I - sábado - 9h-12h - Profª Karen.pdf","","","http://d6clinguas.fflch.usp.br/sites/d6clinguas.fflch.usp.br/files/Japonês I - 2ª 4ª - 12h-14h - Profª Lumy.pdf","http://d6clinguas.fflch.usp.br/sites/d6clinguas.fflch.usp.br/files/Japonês I - sábado - Profª Lumy.pdf","http://d6clinguas.fflch.usp.br/sites/d6clinguas.fflch.usp.br/files/Japonês B1-quarta.e.sexta_. 12h-14h - Erika.pdf","http://d6clinguas.fflch.usp.br/sites/d6clinguas.fflch.usp.br/files/Japonês B1-terça.e.quinta. 12h-14h - Erika.pdf","http://d6clinguas.fflch.usp.br/sites/d6clinguas.fflch.usp.br/files/Japonês III - 3ª 5ª - 12h-14h - Profª Tânia Akiko.pdf","http://d6clinguas.fflch.usp.br/sites/d6clinguas.fflch.usp.br/files/Japonês III - sábado - Profª Tânia Akiko.pdf",,,,,,,,,,,,,,,,,,,,,,,,,,,,,,,,,,,,,,,,,,,,,,,,
633,"Notas do 2º semestre de 2011","http://d6clinguas.fflch.usp.br/sites/d6clinguas.fflch.usp.br/files/alemao.1.2.4_12.14. flavia.pdf","","","","","","","","","","","","http://d6clinguas.fflch.usp.br/sites/d6clinguas.fflch.usp.br/files/GAPLE - 3a - 16h.pdf","http://d6clinguas.fflch.usp.br/sites/d6clinguas.fflch.usp.br/files/Inglês Básico 1.seg_.quarta.elaine.pdf","http://d6clinguas.fflch.usp.br/sites/d6clinguas.fflch.usp.br/files/Inglês Básico I.sábados.elaine horta.pdf","http://d6clinguas.fflch.usp.br/sites/d6clinguas.fflch.usp.br/files/ING.pdf","http://d6clinguas.fflch.usp.br/sites/d6clinguas.fflch.usp.br/files/Inglês Básico II - sábado - Prof. Ana Paula_0.pdf","http://d6clinguas.fflch.usp.br/sites/d6clinguas.fflch.usp.br/files/Inglês Básico 3.tercaequinta.Elaine.pdf","http://d6clinguas.fflch.usp.br/sites/d6clinguas.fflch.usp.br/files/ingles.basico.3.sabado.daniele_0.pdf","http://d6clinguas.fflch.usp.br/sites/d6clinguas.fflch.usp.br/files/Inglês Pré-Inter I - sábado - 9h às 12h - Prof. Sheila Saad.pdf","http://d6clinguas.fflch.usp.br/sites/d6clinguas.fflch.usp.br/files/Ingles Pré-Inter II - 3ª e 5ª - das 12h15 às 13h45 - Prof. Sheila Saad.pdf","","http://d6clinguas.fflch.usp.br/sites/d6clinguas.fflch.usp.br/files/Inglês Básico I para funcionários do IF - 3ª e 5ª - das 12h às 13h30 - Prof. Marcus.pdf","http://d6clinguas.fflch.usp.br/sites/d6clinguas.fflch.usp.br/files/Inglês Básico 2 para os funcionários do IP - 2ª e 4ª - das 16h às 17h45 - Prof. Marcus.pdf","http://d6clinguas.fflch.usp.br/sites/d6clinguas.fflch.usp.br/files/Inglês Básico 2 para funcionários da FMUSP - 2ª - 4ª - 14h - 15h - Prof. Marcus V. Abbehausen.pdf","http://d6clinguas.fflch.usp.br/sites/d6clinguas.fflch.usp.br/files/Inglês Básico 3 para funcionários da FMUSP - 2ª - 4ª - 15h - 16h - Prof. Marcus V. Abbehausen.pdf","http://d6clinguas.fflch.usp.br/sites/d6clinguas.fflch.usp.br/files/Ingles.funcionarios.FOUSP_.isis_.pdf","http://d6clinguas.fflch.usp.br/sites/d6clinguas.fflch.usp.br/files/Inglês funcionarios.FOUSP_.isis_.tercaequinta.pdf","http://d6clinguas.fflch.usp.br/sites/d6clinguas.fflch.usp.br/files/ingles.inst_.1.2.4.ana silvia_09.11.pdf","http://d6clinguas.fflch.usp.br/sites/d6clinguas.fflch.usp.br/files/ingles.inst_.1.2.4.ana silvia.pdf","http://d6clinguas.fflch.usp.br/sites/d6clinguas.fflch.usp.br/files/Inglês Instrumental Nível 1 - 3ª e 5ª - 12h - 14h - Profª Angela Corte.pdf","http://d6clinguas.fflch.usp.br/sites/d6clinguas.fflch.usp.br/files/Inglês Instrumental Nível 1 - 3ª e 5ª - 14h às 16h- Profª Angela Corte.pdf","http://d6clinguas.fflch.usp.br/sites/d6clinguas.fflch.usp.br/files/ING INST I - THIAGO RUSSO-1.pdf","http://d6clinguas.fflch.usp.br/sites/d6clinguas.fflch.usp.br/files/Inglês Instrumental Nível 2 - 5ª - 09h - 11h - Profª Angela Corte.pdf","http://d6clinguas.fflch.usp.br/sites/d6clinguas.fflch.usp.br/files/ingles.inst_.2.Ana_.silvia.pdf","http://d6clinguas.fflch.usp.br/sites/d6clinguas.fflch.usp.br/files/Inglês Instrumental II para funcionários do HU - 2ª e 4ª - das 14h às 15h30 - Prof. Marcus.pdf","http://d6clinguas.fflch.usp.br/sites/d6clinguas.fflch.usp.br/files/Inglês Inst.HU_.seg_.e.quarta.marcus.pdf","","http://d6clinguas.fflch.usp.br/sites/d6clinguas.fflch.usp.br/files/Notas alunos língua árabe I Primeiro 2011.pdf","http://d6clinguas.fflch.usp.br/sites/d6clinguas.fflch.usp.br/files/Grego.pdf","http://d6clinguas.fflch.usp.br/sites/d6clinguas.fflch.usp.br/files/latim.I.sabado.gilson.pdf","","","http://d6clinguas.fflch.usp.br/sites/d6clinguas.fflch.usp.br/files/Kanji_Modulo3 - julho_2011_2 - Notas.pdf","http://d6clinguas.fflch.usp.br/sites/d6clinguas.fflch.usp.br/files/Notas 12011 - Básico I - seg-qua.pdf","http://d6clinguas.fflch.usp.br/sites/d6clinguas.fflch.usp.br/files/Notas 12011_Japones Basico 1_terça e quinta.pdf","http://d6clinguas.fflch.usp.br/sites/d6clinguas.fflch.usp.br/files/Notas 12011_Japones Basico 1_Sabado.pdf","","","","http://d6clinguas.fflch.usp.br/sites/d6clinguas.fflch.usp.br/files/leitura.espanhol.sabado.bruna_.pdf","http://d6clinguas.fflch.usp.br/sites/d6clinguas.fflch.usp.br/files/PLE A - 2a - 10h.pdf","http://d6clinguas.fflch.usp.br/sites/d6clinguas.fflch.usp.br/files/PLE B - 2a - 14h.pdf","http://d6clinguas.fflch.usp.br/sites/d6clinguas.fflch.usp.br/files/PLE B - 3a - 10h.pdf","http://d6clinguas.fflch.usp.br/sites/d6clinguas.fflch.usp.br/files/PLE B - 3a - 14h.pdf","http://d6clinguas.fflch.usp.br/sites/d6clinguas.fflch.usp.br/files/PLE C - 4a - 14h.pdf","","","","","","","","","","","http://d6clinguas.fflch.usp.br/sites/d6clinguas.fflch.usp.br/files/Alemão I.pdf","http://d6clinguas.fflch.usp.br/sites/d6clinguas.fflch.usp.br/files/Alemão II.pdf","","http://d6clinguas.fflch.usp.br/sites/d6clinguas.fflch.usp.br/files/nota.frequencia grego.pdf","http://d6clinguas.fflch.usp.br/sites/d6clinguas.fflch.usp.br/files/notafrequenciaLATIM1_0.pdf","http://d6clinguas.fflch.usp.br/sites/d6clinguas.fflch.usp.br/files/Inglês Básico I- Sábado 9h-12h- Profª Daniela Medalla.pdf","http://d6clinguas.fflch.usp.br/sites/d6clinguas.fflch.usp.br/files/nota.frequenciaINGRID.B2.SAB-1.pdf","http://d6clinguas.fflch.usp.br/sites/d6clinguas.fflch.usp.br/files/Inglês Básico III- 2ª e 4ª 12h-13h30- ProfªElaine Horta.pdf","http://d6clinguas.fflch.usp.br/sites/d6clinguas.fflch.usp.br/files/Inglês Básico básico II- 2ª e 4ª- 12h -14h- Prof Sheila Saad.pdf","http://d6clinguas.fflch.usp.br/sites/d6clinguas.fflch.usp.br/files/nota Basico 3 sábado.pdf","http://d6clinguas.fflch.usp.br/sites/d6clinguas.fflch.usp.br/files/Inglês Pré-Intermediário I- Sábados- 8h-12h- Profº Thiago Russo.pdf","","http://d6clinguas.fflch.usp.br/sites/d6clinguas.fflch.usp.br/files/Inglês Pré-Intermediário II- para funcionários FO-3ª e 5ª - 12h30 - 14h.pdf","http://d6clinguas.fflch.usp.br/sites/d6clinguas.fflch.usp.br/files/Inglês Para Escrita Acadêmica- 5ª 11h-13h- Profª Nívia Marcello.pdf","http://d6clinguas.fflch.usp.br/sites/d6clinguas.fflch.usp.br/files/Inglês Instrumental nível II- 2ª e 4ª 9h-11h- Profª Ana Silvia.pdf","http://d6clinguas.fflch.usp.br/sites/d6clinguas.fflch.usp.br/files/Inglês Instrumental nível I- 2ªe 4ª 12h-14h- Profª Ana Sílvia.pdf","http://d6clinguas.fflch.usp.br/sites/d6clinguas.fflch.usp.br/files/notas instrumental 2o sem ter qui Nivia.pdf","http://d6clinguas.fflch.usp.br/sites/d6clinguas.fflch.usp.br/files/notas instrumental 2011 2o semestre sábado. Nivia.pdf","http://d6clinguas.fflch.usp.br/sites/d6clinguas.fflch.usp.br/files/Inglês Instrumental- Nível I 3ªe 5ª 12h-14h- Profª Angela Corte.pdf","http://d6clinguas.fflch.usp.br/sites/d6clinguas.fflch.usp.br/files/Inglês Instrumental nível II- 3ª12h-14h- Profª Ana Silvia.pdf","http://d6clinguas.fflch.usp.br/sites/d6clinguas.fflch.usp.br/files/Inglês instrumental oral 2011-2 Notas e frequência.pdf","http://d6clinguas.fflch.usp.br/sites/d6clinguas.fflch.usp.br/files/Inglês Básico para funcionários da AUSPIN - 2ª - 4ª - 11h30 - 13h - Prof. Marcus V. Abbehausen.pdf","http://d6clinguas.fflch.usp.br/sites/d6clinguas.fflch.usp.br/files/Inglês Pré-Intermediário II- para funcionários FO-2ª e 4ª - 12h30 - 14h.pdf","http://d6clinguas.fflch.usp.br/sites/d6clinguas.fflch.usp.br/files/Ingles para funcionario IF II - Marcos_0.pdf","http://d6clinguas.fflch.usp.br/sites/d6clinguas.fflch.usp.br/files/Ingles para funcionario IF III - Marcos_0.pdf","http://d6clinguas.fflch.usp.br/sites/d6clinguas.fflch.usp.br/files/Inglês Avançado- nível C1- SIbi- 4ª 13h-15h e 17h -19h- Profª Beatris Carneiro.pdf","","http://d6clinguas.fflch.usp.br/sites/d6clinguas.fflch.usp.br/files/notas ital instr.pdf","","","","","","","","","","","http://d6clinguas.fflch.usp.br/sites/d6clinguas.fflch.usp.br/files/Francês Instrumental_1_LIMPA_2_sem_2011_nota.frequencia.para_.publicar.pdf","http://d6clinguas.fflch.usp.br/sites/d6clinguas.fflch.usp.br/files/Francês Instrumental - Nível I -3ª e 5ª 14h-16h_0.pdf","http://d6clinguas.fflch.usp.br/sites/d6clinguas.fflch.usp.br/files/Francês Instrumental - Nível I -3ª e 5ª 16h-18h_0.pdf","http://d6clinguas.fflch.usp.br/sites/d6clinguas.fflch.usp.br/files/Francês Instrumental - nível II- 3ª 12h-14h- Profª Juliana Fonseca.pdf","http://d6clinguas.fflch.usp.br/sites/d6clinguas.fflch.usp.br/files/Francês Instrumental nível II- Sábados- 8h30 e 10h30-Profª Juliana Fonseca.pdf","http://d6clinguas.fflch.usp.br/sites/d6clinguas.fflch.usp.br/files/FRANCÊS 1.pdf","http://d6clinguas.fflch.usp.br/sites/d6clinguas.fflch.usp.br/files/FRANCÊS 3.pdf","http://d6clinguas.fflch.usp.br/sites/d6clinguas.fflch.usp.br/files/FRANCÊS 2.pdf","http://d6clinguas.fflch.usp.br/sites/d6clinguas.fflch.usp.br/files/Japonês- Básico I-2ª e 4ª- 12h-14h-Profª Lumy Oshima.pdf","http://d6clinguas.fflch.usp.br/sites/d6clinguas.fflch.usp.br/files/Japonês Básico I- 3ªe5ª 12-14- Profª Sônia Tomita.pdf","http://d6clinguas.fflch.usp.br/sites/d6clinguas.fflch.usp.br/files/Japonês Básico I- Sábados 08h-14h- Profª Sônia Tomita.pdf","http://d6clinguas.fflch.usp.br/sites/d6clinguas.fflch.usp.br/files/Japonês Básico II- 2ªe4ª 12-14- Profº Rodrigo Limeira.pdf","http://d6clinguas.fflch.usp.br/sites/d6clinguas.fflch.usp.br/files/Japonês Básico II- Sábados 08h-12h- Profº Rodrigo Limeira.pdf","http://d6clinguas.fflch.usp.br/sites/d6clinguas.fflch.usp.br/files/Japonês- Básico III- 3ª e 5ª- 12h-14h- Profª Tania Akiko.pdf","http://d6clinguas.fflch.usp.br/sites/d6clinguas.fflch.usp.br/files/Japonês- Básico III- Sábados- 8h-12h Profª Tania Akiko.pdf","http://d6clinguas.fflch.usp.br/sites/d6clinguas.fflch.usp.br/files/Japonês- Básico IV- 4ª e 6ª- 12h-14h- Profª Erika Tiemi.pdf","http://d6clinguas.fflch.usp.br/sites/d6clinguas.fflch.usp.br/files/Japonês-Básico IV - Sábados-8h-12h- Profª Erika Tiemi.pdf","http://d6clinguas.fflch.usp.br/sites/d6clinguas.fflch.usp.br/files/Japonês- Pré-Intermediário- Sábados ProfªLumy Oshima.pdf","http://d6clinguas.fflch.usp.br/sites/d6clinguas.fflch.usp.br/files/Gramática aplicada ao ensino de PLE- 3ª 14h-16h Profª Samira Orra-.pdf","","","","","",""
406,"Matriculados por turma","http://d6clinguas.fflch.usp.br/sites/d6clinguas.fflch.usp.br/files/alemao.1.seg_.e.quarta.pdf",,,,,,,,,,,,,,,,,,,,,,,,,,,,,,,,,,,,,,,,,,,,,,,,,,,,,,,,,,,,,,,,,,,,,,,,,,,,,,,,,,,,,,,,,,,,,,,,,,,,,,,,,,,,,,,,,,,,,,,,,,,,,,,,
2015,"Vaga de monitor bolsista – INGLÊS","http://d6clinguas.fflch.usp.br/sites/d6clinguas.fflch.usp.br/files/Edital ATAC 002-17-CL-Proficiência Inglês PUBLICADO.pdf","http://d6clinguas.fflch.usp.br/sites/d6clinguas.fflch.usp.br/files/Edital ATAC 005-18-CL-Proficiência Inglês.pdf",,,,,,,,,,,,,,,,,,,,,,,,,,,,,,,,,,,,,,,,,,,,,,,,,,,,,,,,,,,,,,,,,,,,,,,,,,,,,,,,,,,,,,,,,,,,,,,,,,,,,,,,,,,,,,,,,,,,,,,,,,,,,,,
737,"Vaga de monitor bolsista em Espanhol","http://d6clinguas.fflch.usp.br/sites/d6clinguas.fflch.usp.br/files/Edital ATAC-001-13-CL-Espanhol_prorrogação.pdf","http://d6clinguas.fflch.usp.br/sites/d6clinguas.fflch.usp.br/files/Edital ATAC-001-13-CL-Espanhol.pdf","http://d6clinguas.fflch.usp.br/sites/d6clinguas.fflch.usp.br/files/Edital julho 2012.pdf","http://d6clinguas.fflch.usp.br/sites/d6clinguas.fflch.usp.br/files/Edital Centro de Linguas 2012 2013-Espanhol.pdf","http://d6clinguas.fflch.usp.br/sites/d6clinguas.fflch.usp.br/files/Edital ATAC-085-12-CL-Espanhol como Lg.Estrangeira D.O.pdf",,,,,,,,,,,,,,,,,,,,,,,,,,,,,,,,,,,,,,,,,,,,,,,,,,,,,,,,,,,,,,,,,,,,,,,,,,,,,,,,,,,,,,,,,,,,,,,,,,,,,,,,,,,,,,,,,,,,,,,,,,,,
1687,"Português - Redação para Funcionários","http://d6clinguas.fflch.usp.br/sites/d6clinguas.fflch.usp.br/files/Edital ATAC-002-15-CL-Português-Redação.pdf",,,,,,,,,,,,,,,,,,,,,,,,,,,,,,,,,,,,,,,,,,,,,,,,,,,,,,,,,,,,,,,,,,,,,,,,,,,,,,,,,,,,,,,,,,,,,,,,,,,,,,,,,,,,,,,,,,,,,,,,,,,,,,,,
4102,"Vaga de monitor bolsista – FRANCÊS","http://d6clinguas.fflch.usp.br/sites/d6clinguas.fflch.usp.br/files/Edital ATAC-003-2020-CL-Prof Francês.pdf",,,,,,,,,,,,,,,,,,,,,,,,,,,,,,,,,,,,,,,,,,,,,,,,,,,,,,,,,,,,,,,,,,,,,,,,,,,,,,,,,,,,,,,,,,,,,,,,,,,,,,,,,,,,,,,,,,,,,,,,,,,,,,,,
1111,"Vaga de monitor bolsista em Inglês - Proficiência","http://d6clinguas.fflch.usp.br/sites/d6clinguas.fflch.usp.br/files/Edital ATAC-010-13-CL-Inglês.pdf","http://d6clinguas.fflch.usp.br/sites/d6clinguas.fflch.usp.br/files/Edital_Inglês_2013_atualizado.pdf","http://d6clinguas.fflch.usp.br/sites/d6clinguas.fflch.usp.br/files/Edital ATAC-010-13-CL-Inglês_0.pdf",,,,,,,,,,,,,,,,,,,,,,,,,,,,,,,,,,,,,,,,,,,,,,,,,,,,,,,,,,,,,,,,,,,,,,,,,,,,,,,,,,,,,,,,,,,,,,,,,,,,,,,,,,,,,,,,,,,,,,,,,,,,,,
2618,"Vaga de monitor bolsista – JAPONÊS","http://d6clinguas.fflch.usp.br/sites/d6clinguas.fflch.usp.br/files/Edital ATAC-015-16-CL-Proficiência Lg. Japonesa_0.pdf",,,,,,,,,,,,,,,,,,,,,,,,,,,,,,,,,,,,,,,,,,,,,,,,,,,,,,,,,,,,,,,,,,,,,,,,,,,,,,,,,,,,,,,,,,,,,,,,,,,,,,,,,,,,,,,,,,,,,,,,,,,,,,,,
1462,"Português - Redação Acadêmica","http://d6clinguas.fflch.usp.br/sites/d6clinguas.fflch.usp.br/files/Edital ATAC-021-14-CL-LP.Redação (1).pdf",,,,,,,,,,,,,,,,,,,,,,,,,,,,,,,,,,,,,,,,,,,,,,,,,,,,,,,,,,,,,,,,,,,,,,,,,,,,,,,,,,,,,,,,,,,,,,,,,,,,,,,,,,,,,,,,,,,,,,,,,,,,,,,,
1752,"Vaga de monitor bolsista – HEBRAICO","http://d6clinguas.fflch.usp.br/sites/d6clinguas.fflch.usp.br/files/Edital ATAC-024-15-CL-Hebraico.pdf",,,,,,,,,,,,,,,,,,,,,,,,,,,,,,,,,,,,,,,,,,,,,,,,,,,,,,,,,,,,,,,,,,,,,,,,,,,,,,,,,,,,,,,,,,,,,,,,,,,,,,,,,,,,,,,,,,,,,,,,,,,,,,,,
1402,"Vaga de monitor bolsista – FRANCÊS","http://d6clinguas.fflch.usp.br/sites/d6clinguas.fflch.usp.br/files/Edital ATAC-027-15-CL-Francês.pdf","http://d6clinguas.fflch.usp.br/sites/d6clinguas.fflch.usp.br/files/Edital ATAC-004-17-CL-Proficiência Francês.pdf",,,,,,,,,,,,,,,,,,,,,,,,,,,,,,,,,,,,,,,,,,,,,,,,,,,,,,,,,,,,,,,,,,,,,,,,,,,,,,,,,,,,,,,,,,,,,,,,,,,,,,,,,,,,,,,,,,,,,,,,,,,,,,,
1154,"Vaga de monitor bolsista Japonês","http://d6clinguas.fflch.usp.br/sites/d6clinguas.fflch.usp.br/files/Edital ATAC-029-15-CL-Japonês_0.pdf","http://d6clinguas.fflch.usp.br/sites/d6clinguas.fflch.usp.br/files/Edital ATAC-062-13 -CL-Japonês (1).pdf","",,,,,,,,,,,,,,,,,,,,,,,,,,,,,,,,,,,,,,,,,,,,,,,,,,,,,,,,,,,,,,,,,,,,,,,,,,,,,,,,,,,,,,,,,,,,,,,,,,,,,,,,,,,,,,,,,,,,,,,,,,,,,,
1014,"Vaga de monitor bolsista em secretaria- Edital 20h semanais","http://d6clinguas.fflch.usp.br/sites/d6clinguas.fflch.usp.br/files/Edital ATAC-033-13-CL-80h - secretaria.pdf","http://d6clinguas.fflch.usp.br/sites/d6clinguas.fflch.usp.br/files/Edital ATAC-095-12-CL20h semanais.pdf","http://d6clinguas.fflch.usp.br/sites/d6clinguas.fflch.usp.br/files/Edital-Secretaria- 20h semana-set2012.doc","http://d6clinguas.fflch.usp.br/sites/d6clinguas.fflch.usp.br/files/Edital-Secretaria- 20h semana-set2012 (1).pdf","http://d6clinguas.fflch.usp.br/sites/d6clinguas.fflch.usp.br/files/Prezados.pdf",,,,,,,,,,,,,,,,,,,,,,,,,,,,,,,,,,,,,,,,,,,,,,,,,,,,,,,,,,,,,,,,,,,,,,,,,,,,,,,,,,,,,,,,,,,,,,,,,,,,,,,,,,,,,,,,,,,,,,,,,,,,
1497,"Vaga de monitor bolsista – LATIM","http://d6clinguas.fflch.usp.br/sites/d6clinguas.fflch.usp.br/files/Edital ATAC-034-15-CL-Latim.pdf",,,,,,,,,,,,,,,,,,,,,,,,,,,,,,,,,,,,,,,,,,,,,,,,,,,,,,,,,,,,,,,,,,,,,,,,,,,,,,,,,,,,,,,,,,,,,,,,,,,,,,,,,,,,,,,,,,,,,,,,,,,,,,,,
1567,"Vaga de monitor bolsista – ÁRABE","http://d6clinguas.fflch.usp.br/sites/d6clinguas.fflch.usp.br/files/Edital ATAC-045-14-CL-Árabe.pdf",,,,,,,,,,,,,,,,,,,,,,,,,,,,,,,,,,,,,,,,,,,,,,,,,,,,,,,,,,,,,,,,,,,,,,,,,,,,,,,,,,,,,,,,,,,,,,,,,,,,,,,,,,,,,,,,,,,,,,,,,,,,,,,,
1568,"Vaga de monitor bolsista – ITALIANO","http://d6clinguas.fflch.usp.br/sites/d6clinguas.fflch.usp.br/files/Edital ATAC-056-14-CL-Italiano.pdf","http://d6clinguas.fflch.usp.br/sites/d6clinguas.fflch.usp.br/files/Edital ATAC-046-14-CL-Italiano.pdf","http://d6clinguas.fflch.usp.br/sites/d6clinguas.fflch.usp.br/files/Edital ATAC-019-15-CL-Italiano.pdf","http://d6clinguas.fflch.usp.br/sites/d6clinguas.fflch.usp.br/files/Edital ATAC-007-16-CL-Proficiência Italiano.pdf",,,,,,,,,,,,,,,,,,,,,,,,,,,,,,,,,,,,,,,,,,,,,,,,,,,,,,,,,,,,,,,,,,,,,,,,,,,,,,,,,,,,,,,,,,,,,,,,,,,,,,,,,,,,,,,,,,,,,,,,,,,,,
1216,"Vaga de monitor bolsista - Grego","http://d6clinguas.fflch.usp.br/sites/d6clinguas.fflch.usp.br/files/Edital ATAC-078-13-CL-Grego.pdf",,,,,,,,,,,,,,,,,,,,,,,,,,,,,,,,,,,,,,,,,,,,,,,,,,,,,,,,,,,,,,,,,,,,,,,,,,,,,,,,,,,,,,,,,,,,,,,,,,,,,,,,,,,,,,,,,,,,,,,,,,,,,,,,
862,"Vaga de monitor bolsista em Espanhol- Edital","http://d6clinguas.fflch.usp.br/sites/d6clinguas.fflch.usp.br/files/Edital ATAC-079-13-CL-P.E.Língua Espanhola.pdf","http://d6clinguas.fflch.usp.br/sites/d6clinguas.fflch.usp.br/files/Edital proc sel mon Espanhol 2 sem 2013.pdf",,,,,,,,,,,,,,,,,,,,,,,,,,,,,,,,,,,,,,,,,,,,,,,,,,,,,,,,,,,,,,,,,,,,,,,,,,,,,,,,,,,,,,,,,,,,,,,,,,,,,,,,,,,,,,,,,,,,,,,,,,,,,,,
875,"Vaga de monitor bolsista em secretaria- Edital","http://d6clinguas.fflch.usp.br/sites/d6clinguas.fflch.usp.br/files/Edital ATAC-083-12-CL -DO.pdf","http://d6clinguas.fflch.usp.br/sites/d6clinguas.fflch.usp.br/files/Edital-Secretaria- ago2012-92-12.pdf","http://d6clinguas.fflch.usp.br/sites/d6clinguas.fflch.usp.br/files/Edital ATAC-034-13-CL-120h - secretaria.pdf","http://d6clinguas.fflch.usp.br/sites/d6clinguas.fflch.usp.br/files/Edital-Secretaria- nov 2012.pdf","http://d6clinguas.fflch.usp.br/sites/d6clinguas.fflch.usp.br/files/Edital ATAC-124-12-CL.pdf","http://d6clinguas.fflch.usp.br/sites/d6clinguas.fflch.usp.br/files/Prezados_0.pdf",,,,,,,,,,,,,,,,,,,,,,,,,,,,,,,,,,,,,,,,,,,,,,,,,,,,,,,,,,,,,,,,,,,,,,,,,,,,,,,,,,,,,,,,,,,,,,,,,,,,,,,,,,,,,,,,,,,,,,,,,,,
999,"Vaga de monitor bolsista de Italiano - Edital","http://d6clinguas.fflch.usp.br/sites/d6clinguas.fflch.usp.br/files/Edital ATAC-086-12-CL-Italiano Prorrogação.pdf","http://d6clinguas.fflch.usp.br/sites/d6clinguas.fflch.usp.br/files/Edital-italiano ago2012.pdf","http://d6clinguas.fflch.usp.br/sites/d6clinguas.fflch.usp.br/files/Edital ATAC-086-12-CL-Italiano- D.O.pdf",,,,,,,,,,,,,,,,,,,,,,,,,,,,,,,,,,,,,,,,,,,,,,,,,,,,,,,,,,,,,,,,,,,,,,,,,,,,,,,,,,,,,,,,,,,,,,,,,,,,,,,,,,,,,,,,,,,,,,,,,,,,,,
1254,"Vaga de monitor bolsista – Secretaria","http://d6clinguas.fflch.usp.br/sites/d6clinguas.fflch.usp.br/files/Edital ATAC-088-13-CL-80h_0.pdf",,,,,,,,,,,,,,,,,,,,,,,,,,,,,,,,,,,,,,,,,,,,,,,,,,,,,,,,,,,,,,,,,,,,,,,,,,,,,,,,,,,,,,,,,,,,,,,,,,,,,,,,,,,,,,,,,,,,,,,,,,,,,,,,
1019,"Vaga de monitor bolsista em Libras - Edital","http://d6clinguas.fflch.usp.br/sites/d6clinguas.fflch.usp.br/files/Edital ATAC-099-12-CL-Libras.pdf","http://d6clinguas.fflch.usp.br/sites/d6clinguas.fflch.usp.br/files/Edital ATAC-082-13-CL-Libras.pdf","http://d6clinguas.fflch.usp.br/sites/d6clinguas.fflch.usp.br/files/odelo edital monitoria libras CL.pdf",,,,,,,,,,,,,,,,,,,,,,,,,,,,,,,,,,,,,,,,,,,,,,,,,,,,,,,,,,,,,,,,,,,,,,,,,,,,,,,,,,,,,,,,,,,,,,,,,,,,,,,,,,,,,,,,,,,,,,,,,,,,,,
1027,"Português – Redação técnica para funcionários","http://d6clinguas.fflch.usp.br/sites/d6clinguas.fflch.usp.br/files/Edital ATAC-104-13-CL-REDAÇÃO TEC. FUNC.pdf","http://d6clinguas.fflch.usp.br/sites/d6clinguas.fflch.usp.br/files/Edital monitoria setembro 2012 Português para Estrangeiros_0.pdf","http://d6clinguas.fflch.usp.br/sites/d6clinguas.fflch.usp.br/files/Edital ATAC-109-12-CL-Port-Estrang..pdf","http://d6clinguas.fflch.usp.br/sites/d6clinguas.fflch.usp.br/files/Edital ATAC-059-13-CL-Red.Acad_..pdf","http://d6clinguas.fflch.usp.br/sites/d6clinguas.fflch.usp.br/files/edital monitor RA edit.pdf","http://d6clinguas.fflch.usp.br/sites/d6clinguas.fflch.usp.br/files/Edital ATAC-094-13-CL-Port-Estrangeiros_0.pdf","http://d6clinguas.fflch.usp.br/sites/d6clinguas.fflch.usp.br/files/Edital ATAC-104-13-CL-Português_PRORROGACAO.pdf",,,,,,,,,,,,,,,,,,,,,,,,,,,,,,,,,,,,,,,,,,,,,,,,,,,,,,,,,,,,,,,,,,,,,,,,,,,,,,,,,,,,,,,,,,,,,,,,,,,,,,,,,,,,,,,,,,,,,,,,,,
955,"Vaga de monitor bolsista em Espanhol - Proficiência","http://d6clinguas.fflch.usp.br/sites/d6clinguas.fflch.usp.br/files/Edital de inscrição_Espanhol Proficiências (1).pdf","http://d6clinguas.fflch.usp.br/sites/d6clinguas.fflch.usp.br/files/Edital ATAC-076-CL-Ens. e Av. do Espanhol.pdf","","",,,,,,,,,,,,,,,,,,,,,,,,,,,,,,,,,,,,,,,,,,,,,,,,,,,,,,,,,,,,,,,,,,,,,,,,,,,,,,,,,,,,,,,,,,,,,,,,,,,,,,,,,,,,,,,,,,,,,,,,,,,,,
1460,"Vaga de monitor bolsista – ESPANHOL","http://d6clinguas.fflch.usp.br/sites/d6clinguas.fflch.usp.br/files/Edital de inscrição_Espanhol Proficiências_ Maio e Junho 2015.pdf","http://d6clinguas.fflch.usp.br/sites/d6clinguas.fflch.usp.br/files/Edital ATAC-033-CL-Espanhol.pdf","http://d6clinguas.fflch.usp.br/sites/d6clinguas.fflch.usp.br/files/Edital ATAC-057-14-CL-Espanhol_1.pdf","http://d6clinguas.fflch.usp.br/sites/d6clinguas.fflch.usp.br/files/Edital ATAC-057-14-CL-Espanhol_1_0.pdf","http://d6clinguas.fflch.usp.br/sites/d6clinguas.fflch.usp.br/files/Edital ATAC-057-14-CL-Espanhol.pdf","http://d6clinguas.fflch.usp.br/sites/d6clinguas.fflch.usp.br/files/Edital ATAC 004-18-CL-Proficiência Espanhol.pdf","http://d6clinguas.fflch.usp.br/sites/d6clinguas.fflch.usp.br/files/Edital ATAC-001-16-CL-Proficiência Espahol.pdf","http://d6clinguas.fflch.usp.br/sites/d6clinguas.fflch.usp.br/files/Edital ATAC 003-17-CL-Proficiência Espanhol PUBLICADO.pdf","http://d6clinguas.fflch.usp.br/sites/d6clinguas.fflch.usp.br/files/Edital ATAC 010-16-CL-Proficiência Espanhol.pdf","http://d6clinguas.fflch.usp.br/sites/d6clinguas.fflch.usp.br/files/Edital ATAC-019-14-CL-Espanhol Lg.Estrangeira.pdf","http://d6clinguas.fflch.usp.br/sites/d6clinguas.fflch.usp.br/files/Edital de inscrição_Espanhol Proficiências_Abril 2014.pdf",,,,,,,,,,,,,,,,,,,,,,,,,,,,,,,,,,,,,,,,,,,,,,,,,,,,,,,,,,,,,,,,,,,,,,,,,,,,,,,,,,,,,,,,,,,,,,,,,,,,,,,,,,,,,,,,,,,,,,
1110,"Vaga de monitor bolsista em Espanhol - Proficiência","http://d6clinguas.fflch.usp.br/sites/d6clinguas.fflch.usp.br/files/Edital de inscricao_Espanhol Proficiencias_Marco de 2013_Inscricao Corrigida (1).pdf","http://d6clinguas.fflch.usp.br/sites/d6clinguas.fflch.usp.br/files/Edital de inscricao_Espanhol Proficiencias_Marco de 2013_Inscricao Corrigida.pdf",,,,,,,,,,,,,,,,,,,,,,,,,,,,,,,,,,,,,,,,,,,,,,,,,,,,,,,,,,,,,,,,,,,,,,,,,,,,,,,,,,,,,,,,,,,,,,,,,,,,,,,,,,,,,,,,,,,,,,,,,,,,,,,
861,"Vaga de monitor bolsista em Espanhol- Edital Atac-012-12-CL","http://d6clinguas.fflch.usp.br/sites/d6clinguas.fflch.usp.br/files/Edital Espanhol -012-12-CL.pdf",,,,,,,,,,,,,,,,,,,,,,,,,,,,,,,,,,,,,,,,,,,,,,,,,,,,,,,,,,,,,,,,,,,,,,,,,,,,,,,,,,,,,,,,,,,,,,,,,,,,,,,,,,,,,,,,,,,,,,,,,,,,,,,,
959,"Vaga de monitor bolsista em Alemão - Edital","http://d6clinguas.fflch.usp.br/sites/d6clinguas.fflch.usp.br/files/Edital monitoria ALEMAO 2013 1 (1).pdf","http://d6clinguas.fflch.usp.br/sites/d6clinguas.fflch.usp.br/files/Edital ATAC-136-12-CL-Alemão.pdf","http://d6clinguas.fflch.usp.br/sites/d6clinguas.fflch.usp.br/files/Edital monitoria ALEMAO 2013 1.pdf",,,,,,,,,,,,,,,,,,,,,,,,,,,,,,,,,,,,,,,,,,,,,,,,,,,,,,,,,,,,,,,,,,,,,,,,,,,,,,,,,,,,,,,,,,,,,,,,,,,,,,,,,,,,,,,,,,,,,,,,,,,,,,
1028,"Vaga de monitor bolsista de Português - Edital","http://d6clinguas.fflch.usp.br/sites/d6clinguas.fflch.usp.br/files/Edital monitoria setembro 2012 Redação Acadêmica-2.pdf","http://d6clinguas.fflch.usp.br/sites/d6clinguas.fflch.usp.br/files/Edital ATAC-108-12-CL-Port.Red_.Acad_._0.pdf","http://d6clinguas.fflch.usp.br/sites/d6clinguas.fflch.usp.br/files/Edital ATAC-026-13-CL-PPE..pdf",,,,,,,,,,,,,,,,,,,,,,,,,,,,,,,,,,,,,,,,,,,,,,,,,,,,,,,,,,,,,,,,,,,,,,,,,,,,,,,,,,,,,,,,,,,,,,,,,,,,,,,,,,,,,,,,,,,,,,,,,,,,,,
669,"Vaga de monitor bolsista em inglês","http://d6clinguas.fflch.usp.br/sites/d6clinguas.fflch.usp.br/files/edital nov.2011-INGLÊS.pdf",,,,,,,,,,,,,,,,,,,,,,,,,,,,,,,,,,,,,,,,,,,,,,,,,,,,,,,,,,,,,,,,,,,,,,,,,,,,,,,,,,,,,,,,,,,,,,,,,,,,,,,,,,,,,,,,,,,,,,,,,,,,,,,,
678,"Vaga de monitor-bolsista em Italiano","http://d6clinguas.fflch.usp.br/sites/d6clinguas.fflch.usp.br/files/Edital-italiano-2011_0.pdf",,,,,,,,,,,,,,,,,,,,,,,,,,,,,,,,,,,,,,,,,,,,,,,,,,,,,,,,,,,,,,,,,,,,,,,,,,,,,,,,,,,,,,,,,,,,,,,,,,,,,,,,,,,,,,,,,,,,,,,,,,,,,,,,
399,"Monitoria do CL","http://d6clinguas.fflch.usp.br/sites/d6clinguas.fflch.usp.br/files/Edital-italiano-2011.pdf",,,,,,,,,,,,,,,,,,,,,,,,,,,,,,,,,,,,,,,,,,,,,,,,,,,,,,,,,,,,,,,,,,,,,,,,,,,,,,,,,,,,,,,,,,,,,,,,,,,,,,,,,,,,,,,,,,,,,,,,,,,,,,,,
1218,"Notas do 1º semestre de 2013 – Funcionários","http://d6clinguas.fflch.usp.br/sites/d6clinguas.fflch.usp.br/files/FMVZ Nota e frequência Nível A1-A2 2013-1.pdf","","http://d6clinguas.fflch.usp.br/sites/d6clinguas.fflch.usp.br/files/Nota e frequência Nível A1 (elementar) - módulo 1 2013-1.pdf","","http://d6clinguas.fflch.usp.br/sites/d6clinguas.fflch.usp.br/files/Nota e frequência Nível A2-B1 (pré-intermediário) - módulo 2 2013-1 (1).pdf","","http://d6clinguas.fflch.usp.br/sites/d6clinguas.fflch.usp.br/files/jonas  c saldanha tabela nota.frequencia.para_.o.site INSTITUTO DE QUIMICA.pdf","",,,,,,,,,,,,,,,,,,,,,,,,,,,,,,,,,,,,,,,,,,,,,,,,,,,,,,,,,,,,,,,,,,,,,,,,,,,,,,,,,,,,,,,,,,,,,,,,,,,,,,,,,,,,,,,,,,,,,,,,,
26,"Proficiência em Alemão","http://d6clinguas.fflch.usp.br/sites/d6clinguas.fflch.usp.br/files/Gabarito ECA_ 1512.pdf","http://d6clinguas.fflch.usp.br/sites/d6clinguas.fflch.usp.br/files/modelo.de_.prova_.pdf","http://d6clinguas.fflch.usp.br/sites/d6clinguas.fflch.usp.br/files/GABARITO PROVA IEB - MAI_15.pdf","","http://d6clinguas.fflch.usp.br/sites/d6clinguas.fflch.usp.br/files/Gabarito.do_.modelo.pdf","http://d6clinguas.fflch.usp.br/sites/d6clinguas.fflch.usp.br/files/GABARITO Alemão.pdf","http://d6clinguas.fflch.usp.br/sites/d6clinguas.fflch.usp.br/files/Gabarito Letras-0914.pdf","http://d6clinguas.fflch.usp.br/sites/d6clinguas.fflch.usp.br/files/Gabarito Proficiência Alemão FE - 2014.pdf","http://d6clinguas.fflch.usp.br/sites/d6clinguas.fflch.usp.br/files/Edital 1503 LETRAS (março de 2015)_0.pdf","http://d6clinguas.fflch.usp.br/sites/d6clinguas.fflch.usp.br/files/Edital 1505 IEB (maio de 2015).pdf","http://d6clinguas.fflch.usp.br/sites/d6clinguas.fflch.usp.br/files/Edital 1505 DIVERSITAS (maio de 2015)_0.pdf","http://d6clinguas.fflch.usp.br/sites/d6clinguas.fflch.usp.br/files/Edital 1404 DIVERSITAS (abril de 2014).pdf","http://d6clinguas.fflch.usp.br/sites/d6clinguas.fflch.usp.br/files/Edital 1404 GEOGRAFIA (abril de 2014).pdf","http://d6clinguas.fflch.usp.br/sites/d6clinguas.fflch.usp.br/files/Edital 1404 LETRAS (abril de 2014).pdf","http://d6clinguas.fflch.usp.br/sites/d6clinguas.fflch.usp.br/files/Edital 1405 IEB (maio de 2014).pdf","http://d6clinguas.fflch.usp.br/sites/d6clinguas.fflch.usp.br/files/Edital 1404 GEO HUMANAS - retificado (abril de 2014).pdf","","http://d6clinguas.fflch.usp.br/sites/d6clinguas.fflch.usp.br/files/Cronograma e Inscrições - 1411 História Social (Novembro 2014) .pdf","http://d6clinguas.fflch.usp.br/sites/d6clinguas.fflch.usp.br/files/Cronograma e Inscrições - 1412 ECA (Dezembro 2014) .pdf","","http://d6clinguas.fflch.usp.br/sites/d6clinguas.fflch.usp.br/files/Edital - 1512 ECA (dezembro de 2015).pdf",,,,,,,,,,,,,,,,,,,,,,,,,,,,,,,,,,,,,,,,,,,,,,,,,,,,,,,,,,,,,,,,,,,,,,,,,,,,,,,,,,,,,,,,,,,,,,,,,,,,,,,,,,,,
1063,"Notas do 2º semestre de 2012","http://d6clinguas.fflch.usp.br/sites/d6clinguas.fflch.usp.br/files/Inglês Básico III- Sábado 8h-12h15 Profª Ana Paula.pdf","http://d6clinguas.fflch.usp.br/sites/d6clinguas.fflch.usp.br/files/Ingles basico IV- Sábado 8h-12h - Profº Filipe Santos.pdf","http://d6clinguas.fflch.usp.br/sites/d6clinguas.fflch.usp.br/files/Inglês Pré- Intermediário I - Sábado 8-12h Profª Julia Tinoco.pdf","http://d6clinguas.fflch.usp.br/sites/d6clinguas.fflch.usp.br/files/Inglês Intermediário I - Sábado 8-12h Profª Camila Batista.doc.pdf","http://d6clinguas.fflch.usp.br/sites/d6clinguas.fflch.usp.br/files/Inglês Intermediário II 3ª e 5ª 12h-14h Profº Thiago Russo.doc","http://d6clinguas.fflch.usp.br/sites/d6clinguas.fflch.usp.br/files/Inglês para apresentações 2012-2 Notas e frequência.txt","http://d6clinguas.fflch.usp.br/sites/d6clinguas.fflch.usp.br/files/3ª e 5ª feira Horários Das 12 às 14h.pdf","http://d6clinguas.fflch.usp.br/sites/d6clinguas.fflch.usp.br/files/3ª e 5ª feira Horários Das 14 às 16h.pdf","http://d6clinguas.fflch.usp.br/sites/d6clinguas.fflch.usp.br/files/notas_nivel1_9horas_AnaSilvia_2_2012_final (1).pdf","http://d6clinguas.fflch.usp.br/sites/d6clinguas.fflch.usp.br/files/notas_nivel1_12horas_AnaSilvia_2_2012_final.pdf","http://d6clinguas.fflch.usp.br/sites/d6clinguas.fflch.usp.br/files/Notas_nivel2_terças_12_14_2_2012_final_0.pdf","http://d6clinguas.fflch.usp.br/sites/d6clinguas.fflch.usp.br/files/4ª feira Horários Das 14 às 16h.pdf","http://d6clinguas.fflch.usp.br/sites/d6clinguas.fflch.usp.br/files/Inglês para Func Instituto de Física- Básico 1.pdf","http://d6clinguas.fflch.usp.br/sites/d6clinguas.fflch.usp.br/files/Inglês para Funcionários Instituto de Física -  3ª e 5ª 17h- 18h30 Profº Roberto Candido.pdf","http://d6clinguas.fflch.usp.br/sites/d6clinguas.fflch.usp.br/files/FFLCH Nota e frequÃªncia NÃ-vel A1-A2 2012-2.pdf","http://d6clinguas.fflch.usp.br/sites/d6clinguas.fflch.usp.br/files/Inglês para Funcionários FFLCH Básico A1 nível I Turma 2 DANILO SUZUKI MURAKAMI.pdf","http://d6clinguas.fflch.usp.br/sites/d6clinguas.fflch.usp.br/files/Inglês A2-B1 - FFLCH.pdf","","","","http://d6clinguas.fflch.usp.br/sites/d6clinguas.fflch.usp.br/files/inglês para funcionários da química básico.pdf","http://d6clinguas.fflch.usp.br/sites/d6clinguas.fflch.usp.br/files/Inglês para funcionários da Química (intermediário).pdf","http://d6clinguas.fflch.usp.br/sites/d6clinguas.fflch.usp.br/files/Inglês Intermediário Passages 1 Instituto de Medicina Tropical DANILO SUZUKI MURAKAMI.pdf","http://d6clinguas.fflch.usp.br/sites/d6clinguas.fflch.usp.br/files/Inglês Básico 2 Instituto de Medicina Tropical DANILO SUZU….pdf","http://d6clinguas.fflch.usp.br/sites/d6clinguas.fflch.usp.br/files/PRODUÇÃO ESCRITA em Inglês – Instituto Biociências 3ª feira 10h- 12h Profª Regina Leão.pdf","","","","","","","","","","","","","","","","","","","","","http://d6clinguas.fflch.usp.br/sites/d6clinguas.fflch.usp.br/files/Leitura em Língua eapnhola_nota e frequencia.pdf","","","http://d6clinguas.fflch.usp.br/sites/d6clinguas.fflch.usp.br/files/Gramática Aplicada ao Ensino de Português Língua Estrangeira - 3ª 14h - Profª Betty Salum.pdf","","","","","","","","","http://d6clinguas.fflch.usp.br/sites/d6clinguas.fflch.usp.br/files/notas_frequencia_jap bas1_sem.pdf","http://d6clinguas.fflch.usp.br/sites/d6clinguas.fflch.usp.br/files/nota e freq - B1 - quarta e sexta_2sem.2012.pdf","http://d6clinguas.fflch.usp.br/sites/d6clinguas.fflch.usp.br/files/nota e freq - B1 - terýýa e quinta_2sem.2012.pdf","http://d6clinguas.fflch.usp.br/sites/d6clinguas.fflch.usp.br/files/Notas2sem2012_JB2_segunda e quarta.pdf","http://d6clinguas.fflch.usp.br/sites/d6clinguas.fflch.usp.br/files/nota e freq - Jap Bas 2 - Sýýbado [2sem.2012].pdf","http://d6clinguas.fflch.usp.br/sites/d6clinguas.fflch.usp.br/files/Japonês Básico III 3ª e 5ª 12h-14h - Profº Rodrigo Brinca.doc","http://d6clinguas.fflch.usp.br/sites/d6clinguas.fflch.usp.br/files/Japonês Básico III sábado  8h-12h - Profº Rodrigo Brinca.doc","","","http://d6clinguas.fflch.usp.br/sites/d6clinguas.fflch.usp.br/files/Notas2sem2012_PRE-INT_sab.pdf","http://d6clinguas.fflch.usp.br/sites/d6clinguas.fflch.usp.br/files/Alemão - Notas - Nível 1.pdf","http://d6clinguas.fflch.usp.br/sites/d6clinguas.fflch.usp.br/files/Alemão - Notas - Nível 2.pdf","","","","","","","","","","","","","","","","","","",,,,,,,,,,,,,,,,,,,,,,,,,,,,,,,,,,,,,,,,,,
44,"Inscrições - CELU","http://d6clinguas.fflch.usp.br/sites/d6clinguas.fflch.usp.br/files/Inscrições_toma 07.06.13.pdf",,,,,,,,,,,,,,,,,,,,,,,,,,,,,,,,,,,,,,,,,,,,,,,,,,,,,,,,,,,,,,,,,,,,,,,,,,,,,,,,,,,,,,,,,,,,,,,,,,,,,,,,,,,,,,,,,,,,,,,,,,,,,,,,
410,"Matriculados por turma","http://d6clinguas.fflch.usp.br/sites/d6clinguas.fflch.usp.br/files/leitura.sabado.pdf","http://d6clinguas.fflch.usp.br/sites/d6clinguas.fflch.usp.br/files/leitura.segunda.e.quarta.pdf",,,,,,,,,,,,,,,,,,,,,,,,,,,,,,,,,,,,,,,,,,,,,,,,,,,,,,,,,,,,,,,,,,,,,,,,,,,,,,,,,,,,,,,,,,,,,,,,,,,,,,,,,,,,,,,,,,,,,,,,,,,,,,,
43,"Certificado de Español Lengua y Uso","http://d6clinguas.fflch.usp.br/sites/d6clinguas.fflch.usp.br/files/modelodeprocuracao_celu.doc","http://d6clinguas.fflch.usp.br/sites/d6clinguas.fflch.usp.br/files/Inscrições encerradas -CELU.pdf",,,,,,,,,,,,,,,,,,,,,,,,,,,,,,,,,,,,,,,,,,,,,,,,,,,,,,,,,,,,,,,,,,,,,,,,,,,,,,,,,,,,,,,,,,,,,,,,,,,,,,,,,,,,,,,,,,,,,,,,,,,,,,,
45,"Exame","http://d6clinguas.fflch.usp.br/sites/d6clinguas.fflch.usp.br/files/Muestras de actividades del examen CELU.pdf",,,,,,,,,,,,,,,,,,,,,,,,,,,,,,,,,,,,,,,,,,,,,,,,,,,,,,,,,,,,,,,,,,,,,,,,,,,,,,,,,,,,,,,,,,,,,,,,,,,,,,,,,,,,,,,,,,,,,,,,,,,,,,,,
4101,"Vaga de monitor bolsista – ITALIANO","http://d6clinguas.fflch.usp.br/sites/d6clinguas.fflch.usp.br/files/REPUBLICADO-Edital ATAC-004-2020-CL-Prof Italiano.pdf",,,,,,,,,,,,,,,,,,,,,,,,,,,,,,,,,,,,,,,,,,,,,,,,,,,,,,,,,,,,,,,,,,,,,,,,,,,,,,,,,,,,,,,,,,,,,,,,,,,,,,,,,,,,,,,,,,,,,,,,,,,,,,,,
659,"Teste de Nível - Inglês",,,,,,,,,,,,,,,,,,,,,,,,,,,,,,,,,,,,,,,,,,,,,,,,,,,,,,,,,,,,,,,,,,,,,,,,,,,,,,,,,,,,,,,,,,,,,,,,,,,,,,,,,,,,,,,,,,,,,,,,,,,,,,,,,
31,"Notas do 1º semestre de 2011",,,,,,,,,,,,,,,,,,,,,,,,,,,,,,,,,,,,,,,,,,,,,,,,,,,,,,,,,,,,,,,,,,,,,,,,,,,,,,,,,,,,,,,,,,,,,,,,,,,,,,,,,,,,,,,,,,,,,,,,,,,,,,,,,
24,"Exames de proficiência",,,,,,,,,,,,,,,,,,,,,,,,,,,,,,,,,,,,,,,,,,,,,,,,,,,,,,,,,,,,,,,,,,,,,,,,,,,,,,,,,,,,,,,,,,,,,,,,,,,,,,,,,,,,,,,,,,,,,,,,,,,,,,,,,
82,"Notícias do Centro de Línguas",,,,,,,,,,,,,,,,,,,,,,,,,,,,,,,,,,,,,,,,,,,,,,,,,,,,,,,,,,,,,,,,,,,,,,,,,,,,,,,,,,,,,,,,,,,,,,,,,,,,,,,,,,,,,,,,,,,,,,,,,,,,,,,,,
663,"Resultado do teste de nível - Inglês Instrumental Oral",,,,,,,,,,,,,,,,,,,,,,,,,,,,,,,,,,,,,,,,,,,,,,,,,,,,,,,,,,,,,,,,,,,,,,,,,,,,,,,,,,,,,,,,,,,,,,,,,,,,,,,,,,,,,,,,,,,,,,,,,,,,,,,,,
664,"Resultado do teste de nível - Curso Preparatório para o TOEFL",,,,,,,,,,,,,,,,,,,,,,,,,,,,,,,,,,,,,,,,,,,,,,,,,,,,,,,,,,,,,,,,,,,,,,,,,,,,,,,,,,,,,,,,,,,,,,,,,,,,,,,,,,,,,,,,,,,,,,,,,,,,,,,,,
665,"Resultado do teste de nível - Inglês",,,,,,,,,,,,,,,,,,,,,,,,,,,,,,,,,,,,,,,,,,,,,,,,,,,,,,,,,,,,,,,,,,,,,,,,,,,,,,,,,,,,,,,,,,,,,,,,,,,,,,,,,,,,,,,,,,,,,,,,,,,,,,,,,
666,"Resultado do teste de nível de Espanhol",,,,,,,,,,,,,,,,,,,,,,,,,,,,,,,,,,,,,,,,,,,,,,,,,,,,,,,,,,,,,,,,,,,,,,,,,,,,,,,,,,,,,,,,,,,,,,,,,,,,,,,,,,,,,,,,,,,,,,,,,,,,,,,,,
667,"Teste de nível - Japonês",,,,,,,,,,,,,,,,,,,,,,,,,,,,,,,,,,,,,,,,,,,,,,,,,,,,,,,,,,,,,,,,,,,,,,,,,,,,,,,,,,,,,,,,,,,,,,,,,,,,,,,,,,,,,,,,,,,,,,,,,,,,,,,,,
668,"Vaga de monitor bolsista - Centro de Línguas",,,,,,,,,,,,,,,,,,,,,,,,,,,,,,,,,,,,,,,,,,,,,,,,,,,,,,,,,,,,,,,,,,,,,,,,,,,,,,,,,,,,,,,,,,,,,,,,,,,,,,,,,,,,,,,,,,,,,,,,,,,,,,,,,
670,"Comunicado",,,,,,,,,,,,,,,,,,,,,,,,,,,,,,,,,,,,,,,,,,,,,,,,,,,,,,,,,,,,,,,,,,,,,,,,,,,,,,,,,,,,,,,,,,,,,,,,,,,,,,,,,,,,,,,,,,,,,,,,,,,,,,,,,
676,"Vaga de monitor bolsista em Português",,,,,,,,,,,,,,,,,,,,,,,,,,,,,,,,,,,,,,,,,,,,,,,,,,,,,,,,,,,,,,,,,,,,,,,,,,,,,,,,,,,,,,,,,,,,,,,,,,,,,,,,,,,,,,,,,,,,,,,,,,,,,,,,,
656,"Sorteados - Vagas gratuitas - Inglês",,,,,,,,,,,,,,,,,,,,,,,,,,,,,,,,,,,,,,,,,,,,,,,,,,,,,,,,,,,,,,,,,,,,,,,,,,,,,,,,,,,,,,,,,,,,,,,,,,,,,,,,,,,,,,,,,,,,,,,,,,,,,,,,,
657,"Sorteados - Vagas gratuitas - Espanhol",,,,,,,,,,,,,,,,,,,,,,,,,,,,,,,,,,,,,,,,,,,,,,,,,,,,,,,,,,,,,,,,,,,,,,,,,,,,,,,,,,,,,,,,,,,,,,,,,,,,,,,,,,,,,,,,,,,,,,,,,,,,,,,,,
658,"Vaga para monitor bolsista em Alemão",,,,,,,,,,,,,,,,,,,,,,,,,,,,,,,,,,,,,,,,,,,,,,,,,,,,,,,,,,,,,,,,,,,,,,,,,,,,,,,,,,,,,,,,,,,,,,,,,,,,,,,,,,,,,,,,,,,,,,,,,,,,,,,,,
662,"Resultado do teste de nível - Inglês para Escrita Acadêmica",,,,,,,,,,,,,,,,,,,,,,,,,,,,,,,,,,,,,,,,,,,,,,,,,,,,,,,,,,,,,,,,,,,,,,,,,,,,,,,,,,,,,,,,,,,,,,,,,,,,,,,,,,,,,,,,,,,,,,,,,,,,,,,,,
252,"Documentos necessários",,,,,,,,,,,,,,,,,,,,,,,,,,,,,,,,,,,,,,,,,,,,,,,,,,,,,,,,,,,,,,,,,,,,,,,,,,,,,,,,,,,,,,,,,,,,,,,,,,,,,,,,,,,,,,,,,,,,,,,,,,,,,,,,,
671,"Vagas Remanescentes - Redação Acadêmica para Graduação e Gramática Aplicada ao Ensino de Português Língua Estrangeira",,,,,,,,,,,,,,,,,,,,,,,,,,,,,,,,,,,,,,,,,,,,,,,,,,,,,,,,,,,,,,,,,,,,,,,,,,,,,,,,,,,,,,,,,,,,,,,,,,,,,,,,,,,,,,,,,,,,,,,,,,,,,,,,,
540,"Vaga para monitor bolsista em latim",,,,,,,,,,,,,,,,,,,,,,,,,,,,,,,,,,,,,,,,,,,,,,,,,,,,,,,,,,,,,,,,,,,,,,,,,,,,,,,,,,,,,,,,,,,,,,,,,,,,,,,,,,,,,,,,,,,,,,,,,,,,,,,,,
596,"Vaga para monitor bolsista em espanhol",,,,,,,,,,,,,,,,,,,,,,,,,,,,,,,,,,,,,,,,,,,,,,,,,,,,,,,,,,,,,,,,,,,,,,,,,,,,,,,,,,,,,,,,,,,,,,,,,,,,,,,,,,,,,,,,,,,,,,,,,,,,,,,,,
591,"Vaga para monitor bolsista em francês",,,,,,,,,,,,,,,,,,,,,,,,,,,,,,,,,,,,,,,,,,,,,,,,,,,,,,,,,,,,,,,,,,,,,,,,,,,,,,,,,,,,,,,,,,,,,,,,,,,,,,,,,,,,,,,,,,,,,,,,,,,,,,,,,
398,"Vagas remanescentes",,,,,,,,,,,,,,,,,,,,,,,,,,,,,,,,,,,,,,,,,,,,,,,,,,,,,,,,,,,,,,,,,,,,,,,,,,,,,,,,,,,,,,,,,,,,,,,,,,,,,,,,,,,,,,,,,,,,,,,,,,,,,,,,,
400,"Vaga para monitor bolsista em francês",,,,,,,,,,,,,,,,,,,,,,,,,,,,,,,,,,,,,,,,,,,,,,,,,,,,,,,,,,,,,,,,,,,,,,,,,,,,,,,,,,,,,,,,,,,,,,,,,,,,,,,,,,,,,,,,,,,,,,,,,,,,,,,,,
408,"Matriculados por turma",,,,,,,,,,,,,,,,,,,,,,,,,,,,,,,,,,,,,,,,,,,,,,,,,,,,,,,,,,,,,,,,,,,,,,,,,,,,,,,,,,,,,,,,,,,,,,,,,,,,,,,,,,,,,,,,,,,,,,,,,,,,,,,,,
425,"Matriculados por turma",,,,,,,,,,,,,,,,,,,,,,,,,,,,,,,,,,,,,,,,,,,,,,,,,,,,,,,,,,,,,,,,,,,,,,,,,,,,,,,,,,,,,,,,,,,,,,,,,,,,,,,,,,,,,,,,,,,,,,,,,,,,,,,,,
430,"Matrícula para vagas remanescentes",,,,,,,,,,,,,,,,,,,,,,,,,,,,,,,,,,,,,,,,,,,,,,,,,,,,,,,,,,,,,,,,,,,,,,,,,,,,,,,,,,,,,,,,,,,,,,,,,,,,,,,,,,,,,,,,,,,,,,,,,,,,,,,,,
432,"Resultado da seleção para monitor bolsista em português",,,,,,,,,,,,,,,,,,,,,,,,,,,,,,,,,,,,,,,,,,,,,,,,,,,,,,,,,,,,,,,,,,,,,,,,,,,,,,,,,,,,,,,,,,,,,,,,,,,,,,,,,,,,,,,,,,,,,,,,,,,,,,,,,
522,"Vaga para monitor bolsista em português",,,,,,,,,,,,,,,,,,,,,,,,,,,,,,,,,,,,,,,,,,,,,,,,,,,,,,,,,,,,,,,,,,,,,,,,,,,,,,,,,,,,,,,,,,,,,,,,,,,,,,,,,,,,,,,,,,,,,,,,,,,,,,,,,
542,"Vaga para monitor bolsista em inglês",,,,,,,,,,,,,,,,,,,,,,,,,,,,,,,,,,,,,,,,,,,,,,,,,,,,,,,,,,,,,,,,,,,,,,,,,,,,,,,,,,,,,,,,,,,,,,,,,,,,,,,,,,,,,,,,,,,,,,,,,,,,,,,,,
551,"Vaga para monitor bolsista - área de proficiência em língua inglesa",,,,,,,,,,,,,,,,,,,,,,,,,,,,,,,,,,,,,,,,,,,,,,,,,,,,,,,,,,,,,,,,,,,,,,,,,,,,,,,,,,,,,,,,,,,,,,,,,,,,,,,,,,,,,,,,,,,,,,,,,,,,,,,,,
866,"Matrículas 27/02/2012",,,,,,,,,,,,,,,,,,,,,,,,,,,,,,,,,,,,,,,,,,,,,,,,,,,,,,,,,,,,,,,,,,,,,,,,,,,,,,,,,,,,,,,,,,,,,,,,,,,,,,,,,,,,,,,,,,,,,,,,,,,,,,,,,
864,"Inscrições para o teste de nível em Francês Instrumental II",,,,,,,,,,,,,,,,,,,,,,,,,,,,,,,,,,,,,,,,,,,,,,,,,,,,,,,,,,,,,,,,,,,,,,,,,,,,,,,,,,,,,,,,,,,,,,,,,,,,,,,,,,,,,,,,,,,,,,,,,,,,,,,,,
1022,"Vaga de monitor bolsista em Esperanto - Edital",,,,,,,,,,,,,,,,,,,,,,,,,,,,,,,,,,,,,,,,,,,,,,,,,,,,,,,,,,,,,,,,,,,,,,,,,,,,,,,,,,,,,,,,,,,,,,,,,,,,,,,,,,,,,,,,,,,,,,,,,,,,,,,,,
2016,"Vaga de monitor bolsista – ALEMÃO",,,,,,,,,,,,,,,,,,,,,,,,,,,,,,,,,,,,,,,,,,,,,,,,,,,,,,,,,,,,,,,,,,,,,,,,,,,,,,,,,,,,,,,,,,,,,,,,,,,,,,,,,,,,,,,,,,,,,,,,,,,,,,,,,
1414,"Vaga de monitor bolsista - Secretaria",,,,,,,,,,,,,,,,,,,,,,,,,,,,,,,,,,,,,,,,,,,,,,,,,,,,,,,,,,,,,,,,,,,,,,,,,,,,,,,,,,,,,,,,,,,,,,,,,,,,,,,,,,,,,,,,,,,,,,,,,,,,,,,,,
1430,"Vaga de estagiário - Japonês",,,,,,,,,,,,,,,,,,,,,,,,,,,,,,,,,,,,,,,,,,,,,,,,,,,,,,,,,,,,,,,,,,,,,,,,,,,,,,,,,,,,,,,,,,,,,,,,,,,,,,,,,,,,,,,,,,,,,,,,,,,,,,,,,
1431,"Vaga de monitor bolsista – SUAÍLI",,,,,,,,,,,,,,,,,,,,,,,,,,,,,,,,,,,,,,,,,,,,,,,,,,,,,,,,,,,,,,,,,,,,,,,,,,,,,,,,,,,,,,,,,,,,,,,,,,,,,,,,,,,,,,,,,,,,,,,,,,,,,,,,,
1693,"Normas dos Exames de Proficiência",,,,,,,,,,,,,,,,,,,,,,,,,,,,,,,,,,,,,,,,,,,,,,,,,,,,,,,,,,,,,,,,,,,,,,,,,,,,,,,,,,,,,,,,,,,,,,,,,,,,,,,,,,,,,,,,,,,,,,,,,,,,,,,,,
1847,"Vaga de monitor bolsista – FRANCÊS",,,,,,,,,,,,,,,,,,,,,,,,,,,,,,,,,,,,,,,,,,,,,,,,,,,,,,,,,,,,,,,,,,,,,,,,,,,,,,,,,,,,,,,,,,,,,,,,,,,,,,,,,,,,,,,,,,,,,,,,,,,,,,,,,
2104,"Normas dos Exames de Proficiência",,,,,,,,,,,,,,,,,,,,,,,,,,,,,,,,,,,,,,,,,,,,,,,,,,,,,,,,,,,,,,,,,,,,,,,,,,,,,,,,,,,,,,,,,,,,,,,,,,,,,,,,,,,,,,,,,,,,,,,,,,,,,,,,,
2721,"Clone of Proficiência em Espanhol",,,,,,,,,,,,,,,,,,,,,,,,,,,,,,,,,,,,,,,,,,,,,,,,,,,,,,,,,,,,,,,,,,,,,,,,,,,,,,,,,,,,,,,,,,,,,,,,,,,,,,,,,,,,,,,,,,,,,,,,,,,,,,,,,
2937,"Clone of Vaga de monitor bolsista – ITALIANO",,,,,,,,,,,,,,,,,,,,,,,,,,,,,,,,,,,,,,,,,,,,,,,,,,,,,,,,,,,,,,,,,,,,,,,,,,,,,,,,,,,,,,,,,,,,,,,,,,,,,,,,,,,,,,,,,,,,,,,,,,,,,,,,,
3668,"Clone of Vaga de monitor bolsista – JAPONÊS",,,,,,,,,,,,,,,,,,,,,,,,,,,,,,,,,,,,,,,,,,,,,,,,,,,,,,,,,,,,,,,,,,,,,,,,,,,,,,,,,,,,,,,,,,,,,,,,,,,,,,,,,,,,,,,,,,,,,,,,,,,,,,,,,
3669,"Vaga de monitor bolsista – JAPONÊS",,,,,,,,,,,,,,,,,,,,,,,,,,,,,,,,,,,,,,,,,,,,,,,,,,,,,,,,,,,,,,,,,,,,,,,,,,,,,,,,,,,,,,,,,,,,,,,,,,,,,,,,,,,,,,,,,,,,,,,,,,,,,,,,,
3719,"Vaga de monitor bolsista – INGLÊS",,,,,,,,,,,,,,,,,,,,,,,,,,,,,,,,,,,,,,,,,,,,,,,,,,,,,,,,,,,,,,,,,,,,,,,,,,,,,,,,,,,,,,,,,,,,,,,,,,,,,,,,,,,,,,,,,,,,,,,,,,,,,,,,,
3731,"Vaga de monitor bolsista – JAPONÊS",,,,,,,,,,,,,,,,,,,,,,,,,,,,,,,,,,,,,,,,,,,,,,,,,,,,,,,,,,,,,,,,,,,,,,,,,,,,,,,,,,,,,,,,,,,,,,,,,,,,,,,,,,,,,,,,,,,,,,,,,,,,,,,,,
3775,"Vaga de monitor bolsista – INGLÊS",,,,,,,,,,,,,,,,,,,,,,,,,,,,,,,,,,,,,,,,,,,,,,,,,,,,,,,,,,,,,,,,,,,,,,,,,,,,,,,,,,,,,,,,,,,,,,,,,,,,,,,,,,,,,,,,,,,,,,,,,,,,,,,,,
3784,"Vaga de estagiário da secretaria",,,,,,,,,,,,,,,,,,,,,,,,,,,,,,,,,,,,,,,,,,,,,,,,,,,,,,,,,,,,,,,,,,,,,,,,,,,,,,,,,,,,,,,,,,,,,,,,,,,,,,,,,,,,,,,,,,,,,,,,,,,,,,,,,
3798,"Vaga de monitor bolsista – FRANCÊS",,,,,,,,,,,,,,,,,,,,,,,,,,,,,,,,,,,,,,,,,,,,,,,,,,,,,,,,,,,,,,,,,,,,,,,,,,,,,,,,,,,,,,,,,,,,,,,,,,,,,,,,,,,,,,,,,,,,,,,,,,,,,,,,,
3831,"Vaga de monitor bolsista – ESPANHOL",,,,,,,,,,,,,,,,,,,,,,,,,,,,,,,,,,,,,,,,,,,,,,,,,,,,,,,,,,,,,,,,,,,,,,,,,,,,,,,,,,,,,,,,,,,,,,,,,,,,,,,,,,,,,,,,,,,,,,,,,,,,,,,,,
3972,"Vaga de monitor bolsista – ESPANHOL",,,,,,,,,,,,,,,,,,,,,,,,,,,,,,,,,,,,,,,,,,,,,,,,,,,,,,,,,,,,,,,,,,,,,,,,,,,,,,,,,,,,,,,,,,,,,,,,,,,,,,,,,,,,,,,,,,,,,,,,,,,,,,,,,
3995,"Clone of Vaga de monitor bolsista – JAPONÊS",,,,,,,,,,,,,,,,,,,,,,,,,,,,,,,,,,,,,,,,,,,,,,,,,,,,,,,,,,,,,,,,,,,,,,,,,,,,,,,,,,,,,,,,,,,,,,,,,,,,,,,,,,,,,,,,,,,,,,,,,,,,,,,,,
3996,"Vaga de monitor bolsista – JAPONÊS",,,,,,,,,,,,,,,,,,,,,,,,,,,,,,,,,,,,,,,,,,,,,,,,,,,,,,,,,,,,,,,,,,,,,,,,,,,,,,,,,,,,,,,,,,,,,,,,,,,,,,,,,,,,,,,,,,,,,,,,,,,,,,,,,
3997,"Vaga de monitor bolsista – INGLÊS",,,,,,,,,,,,,,,,,,,,,,,,,,,,,,,,,,,,,,,,,,,,,,,,,,,,,,,,,,,,,,,,,,,,,,,,,,,,,,,,,,,,,,,,,,,,,,,,,,,,,,,,,,,,,,,,,,,,,,,,,,,,,,,,,
4089,"Vaga de monitor bolsista – INGLÊS",,,,,,,,,,,,,,,,,,,,,,,,,,,,,,,,,,,,,,,,,,,,,,,,,,,,,,,,,,,,,,,,,,,,,,,,,,,,,,,,,,,,,,,,,,,,,,,,,,,,,,,,,,,,,,,,,,,,,,,,,,,,,,,,,
