field_tombo_fotografia,field_especificacao_fotografia,field_numero_fotografia,field_quantidade_fotografia,field_sistema_fotografia,title,field_local_fotografia,field_data_fotografia,field_producao_fotografia,nid
115,"Álbum de fotografias sobre Guaratinguetá. (Áreas residenciais, comerciais, fabris, periféricas e ruínas históricas). [1945] Tamanhos: 6,5 x 9,0 cm / 7,5 x 5,0 cm / 10,5 x 8,0 cm",1.0,124,BP,Álbum de fotografias sobre Guaratinguetá.,,1945,,17500
Cx.1;E.1/NT 48,"Naturalistas - Jean Baptiste Debret (1768-1848). Florestas Virgens nas margens do Paraíba. (Debret - Viagem Pitoresca e Histórica ao Brasil. Martins Ed. São Paulo, 1949. II tomo, p.288 ss.)",75.0,1/12,"B/P 18,0 x 24,0 cm",Naturalistas - Jean Baptiste Debret (1768-1848).,,,,17501
Cx.1;E.1/NT 49,"Naturalistas - Jean Baptiste Debret (1768-1848). Vale na Serra do Mar. (Debret - Viagem Pitoresca e Histórica ao Brasil. Martins Ed. São Paulo, 1949. II tomo, p.296 ss.)",76.0,2/12,"B/P 18,0 x 24,0 cm",Naturalistas - Jean Baptiste Debret (1768-1848).,,,,17502
Cx.1;E.1/NT 50,"Naturalistas - Jean Baptiste Debret (1768-1848). Família de um chefe Camacã preparando-se para uma festa. (Debret - Viagem Pitoresca e Histórica ao Brasil. Martins Ed. São Paulo, 1949. v. I, pr 3.)",77.0,3/12,"B/P 18,0 x 24,0 cm",Naturalistas - Jean Baptiste Debret (1768-1848).,,,,17503
Cx.1;E.1/NT 51,"Naturalistas - Jean Baptiste Debret (1768-1848). Aldeia de caboclos em Cantagalo. (Debret - Viagem Pitoresca e Histórica ao Brasil. Martins Ed. São Paulo, 1949. I tomo, p.6.)",78.0,4/12,"B/P 18,0 x 24,0 cm",Naturalistas - Jean Baptiste Debret (1768-1848).,,,,17504
Cx.1;E.1/NT 52,"Naturalistas - Jean Baptiste Debret (1768-1848). Florestas virgens nas margens do Paraíba - Índios Guaianases. (Debret - Viagem Pitoresca e Histórica ao Brasil. Martins Ed. São Paulo, 1949. T. I pr. 13, T. II  pr.1)",79.0,5/12,"B/P 18,0 x 24,0 cm",Naturalistas - Jean Baptiste Debret (1768-1848).,,,,17505
Cx.1;E.1/NT 53,"Naturalistas - Jean Baptiste Debret (1768-1848). Tribo Guaicuru em busca de novas pastagens. (Debret - Viagem Pitoresca e Histórica ao Brasil. Martins Ed. São Paulo, 1949. v. I, pr. 21)",80.0,6/12,"B/P 18,0 x 24,0 cm",Naturalistas - Jean Baptiste Debret (1768-1848).,,,,17506
Cx.1;E.1/NT 54,"Naturalistas - Jean Baptiste Debret (1768-1848). Um funcionário a passeio com sua família. (Debret - Viagem Pitoresca e Histórica ao Brasil. Martins Ed. São Paulo, 1949. v. II, pr. 5.)",79.0,7/12,"B/P 18,0 x 24,0 cm",Naturalistas - Jean Baptiste Debret (1768-1848).,,,,17507
Cx.1;E.1/NT 55,"Naturalistas - Jean Baptiste Debret (1768-1848). Uma senhora brasileira em seu lar. (Debret - Viagem Pitoresca e Histórica ao Brasil. Martins Ed. São Paulo, 1949. v. II p. 6.)",80.0,8/12,"B/P 18,0 x 24,0 cm",Naturalistas - Jean Baptiste Debret (1768-1848).,,,,17508
Cx.1;E.1/NT 56,"Naturalistas - Jean Baptiste Debret (1768-1848). Os refrescos no largo do Palácio. (Debret - Viagem Pitoresca e Histórica ao Brasil. Martins Ed. São Paulo, 1949. v. II, p. 9.)",81.0,9/12,"B/P 18,0 x 24,0 cm",Naturalistas - Jean Baptiste Debret (1768-1848).,,,,17509
Cx.1;E.1/NT 57,"Naturalistas - Jean Baptiste Debret (1768-1848). Vista a uma fazenda. (Debret - Viagem Pitoresca e Histórica ao Brasil. Martins Ed. São Paulo, 1949. v. II, pr. 10)",82.0,10/12,"B/P 18,0 x 24,0 cm",Naturalistas - Jean Baptiste Debret (1768-1848).,,,,17510
Cx.1;E.1/NT 58,"Naturalistas - Jean Baptiste Debret (1768-1848). Interior de uma residência de ciganos. (Debret - Viagem Pitoresca e Histórica ao Brasil. Martins Ed. São Paulo, 1949. v. II, pr. 24.)",83.0,11/12,"B/P 18,0 x 24,0 cm",Naturalistas - Jean Baptiste Debret (1768-1848).,,,,17511
Cx.1;E.1/NT 59,"Naturalistas - Jean Baptiste Debret (1768-1848). Família pobre em sua casa. (Debret - Viagem Pitoresca e Histórica ao Brasil. Martins Ed. São Paulo, 1949. v. II, pr. 34.)",84.0,12/12,"B/P 18,0 x 24,0 cm",Naturalistas - Jean Baptiste Debret (1768-1848).,,,,17512
Cx.1;E.2/NT 114,"Naturalistas - João Maurício Rugendas (1802-1858). Habitação de Negros. (Viagem Pitoresca através do Brasil. Martins Ed. São Paulo, 1949).",109.0,25/25,"B/P 18,0 x 24,0 cm",Naturalistas - João Maurício Rugendas (1802-1858).,,,,17513
Cx.1;E.2/NT 113,"Naturalistas - João Maurício Rugendas (1802-1858). Índios Puris. (Viagem Pitoresca através do Brasil. Martins Ed. São Paulo, 1949)",108.0,24/25,"B/P 18,0 x 24,0 cm",Naturalistas - João Maurício Rugendas (1802-1858).,,,,17514
Cx.1;E.2/NT 112,"Naturalistas - João Maurício Rugendas (1802-1858). Índios Machacaris e Camacãs. (Viagem Pitoresca através do Brasil. Martins Ed. São Paulo, 1949)",107.0,23/25,"B/P 18,0 x 24,0 cm",Naturalistas - João Maurício Rugendas (1802-1858).,,,,17515
Cx.1;E.2/NT 111,"Naturalistas - João Maurício Rugendas (1802-1858). Índios Botocudos. (Viagem Pitoresca através do Brasil. Martins Ed. São Paulo, 1949)",106.0,22/25,"B/P 18,0 x 24,0 cm",Naturalistas - João Maurício Rugendas (1802-1858).,,,,17516
Cx.1;E.2/NT 110,"Naturalistas - João Maurício Rugendas (1802-1858). Negros Crioulos. (Viagem Pitoresca através do Brasil. Martins Ed. São Paulo, 1949)",105.0,21/25,"B/P 18,0 x 24,0 cm",Naturalistas - João Maurício Rugendas (1802-1858).,,,,17517
Cx.1;E.2/NT 109,"Naturalistas - João Maurício Rugendas (1802-1858). Negros Moçambiques (Viagem Pitoresca através do Brasil. Martins Ed. São Paulo, 1949).",104.0,20/25,"B/P 18,0 x 24,0 cm",Naturalistas - João Maurício Rugendas (1802-1858).,,,,17518
Cx.1;E.2/NT 108,"Naturalistas - João Maurício Rugendas (1802-1858). Negro Cabinda - Quiloa - Rebolo - Mina. (Viagem Pitoresca através do Brasil. Martins Ed. São Paulo, 1949).",103.0,19/25,"B/P 18,0 x 24,0 cm",Naturalistas - João Maurício Rugendas (1802-1858).,,,,17519
Cx.1;E.2/NT 107,"Naturalistas - João Maurício Rugendas (1802-1858). Negras Benguelas e Congos. (Viagem Pitoresca através do Brasil. Martins Ed. São Paulo, 1949).",102.0,18/25,"B/P 18,0 x 24,0 cm",Naturalistas - João Maurício Rugendas (1802-1858).,,,,17520
Cx.1;E.2/NT 76,"Naturalistas - João Maurício Rugendas (1802-1858). Caçada em Mata Virgem. (Viagem Pitoresca através do Brasil. Martins Ed. São Paulo, 1949).",101.0,17/25,"B/P 18,0 x 24,0 cm",Naturalistas - João Maurício Rugendas (1802-1858).,,,,17521
Cx.1;E.2/NT 75,"Naturalistas - João Maurício Rugendas (1802-1858). Família de fazendeiros. (Viagem Pitoresca através do Brasil. Martins Ed. São Paulo, 1949).",100.0,16/25,"B/P 18,0 x 24,0 cm",Naturalistas - João Maurício Rugendas (1802-1858).,,,,17522
Cx.1;E.2/NT 74,"Naturalistas - João Maurício Rugendas (1802-1858). Aldeia de Tapuias. (Viagem Pitoresca através do Brasil. Martins Ed. São Paulo, 1949).",99.0,15/25,"B/P 18,0 x 24,0 cm",Naturalistas - João Maurício Rugendas (1802-1858).,,,,17523
Cx.1;E.2/NT 73,"Naturalistas - João Maurício Rugendas (1802-1858). Índios numa fazenda. (Viagem Pitoresca através do Brasil. Martins Ed. São Paulo, 1949).",98.0,14/25,"B/P 18,0 x 24,0 cm",Naturalistas - João Maurício Rugendas (1802-1858).,,,,17524
Cx.1;E.2/NT 72,"Naturalistas - João Maurício Rugendas (1802-1858). Enterro. (Viagem Pitoresca através do Brasil. Martins Ed. São Paulo, 1949).",97.0,13/25,"B/P 18,0 x 24,0 cm",Naturalistas - João Maurício Rugendas (1802-1858).,,,,17525
Cx.1;E.2/NT 71,"Naturalistas - João Maurício Rugendas (1802-1858). Guerrilhas. (Viagem Pitoresca através do Brasil. Martins Ed. São Paulo, 1949).",96.0,12/25,"B/P 18,0 x 24,0 cm",Naturalistas - João Maurício Rugendas (1802-1858).,,,,17526
Cx.1;E.2/NT 70,"Naturalistas - João Maurício Rugendas (1802-1858). Canoa de índio. (Viagem Pitoresca através do Brasil. Martins Ed. São Paulo, 1949).",95.0,11/25,"B/P 18,0 x 24,0 cm",Naturalistas - João Maurício Rugendas (1802-1858).,,,,17527
Cx.1;E.2/NT 69,"Naturalistas - João Maurício Rugendas (1802-1858). Ponte de Cipó. (Viagem Pitoresca através do Brasil. Martins Ed. São Paulo, 1949).",94.0,10/25,"B/P 18,0 x 24,0 cm",Naturalistas - João Maurício Rugendas (1802-1858).,,,,17528
Cx.1;E.2/NT 68,"Naturalistas - João Maurício Rugendas (1802-1858). Índios em suas cabanas. (Viagem Pitoresca através do Brasil. Martins Ed. São Paulo, 1949).",93.0,9/25,"B/P 18,0 x 24,0 cm",Naturalistas - João Maurício Rugendas (1802-1858).,,,,17529
Cx.1;E.2/NT 67,"Naturalistas - João Maurício Rugendas (1802-1858). Encontro de viajantes e índios. (Viagem Pitoresca através do Brasil. Martins Ed. São Paulo, 1949).",92.0,8/25,"B/P 18,0 x 24,0 cm",Naturalistas - João Maurício Rugendas (1802-1858).,,,,17530
Cx.1;E.2/NT 66,"Naturalistas - João Maurício Rugendas (1802-1858). Família de índios Botocudos. (Viagem Pitoresca através do Brasil. Martins Ed. São Paulo, 1949).",91.0,7/25,"B/P 18,0 x 24,0 cm",Naturalistas - João Maurício Rugendas (1802-1858).,,,,17531
Cx.1;E.2/NT 65,"Naturalistas - João Maurício Rugendas (1802-1858). Rio Paraibuna. (Viagem Pitoresca através do Brasil. Martins Ed. São Paulo, 1949).",90.0,6/25,"B/P 18,0 x 24,0 cm",Naturalistas - João Maurício Rugendas (1802-1858).,,,,17532
Cx.1;E.2/NT 64,"Naturalistas - João Maurício Rugendas (1802-1858). Mata virgem perto de Mangaratiba. (Viagem Pitoresca através do Brasil. Martins Ed. São Paulo, 1949).",89.0,5/25,"B/P 18,0 x 24,0 cm",Naturalistas - João Maurício Rugendas (1802-1858).,,,,17533
Cx.1;E.2/NT 63,"Naturalistas - João Maurício Rugendas (1802-1858). Costumes da Baia. (Viagem Pitoresca através do Brasil. Martins Ed. São Paulo, 1949).",88.0,4/25,"B/P 18,0 x 24,0 cm",Naturalistas - João Maurício Rugendas (1802-1858).,,,,17534
Cx.1;E.2/NT 62,"Naturalistas - João Maurício Rugendas (1802-1858). Habitantes de Minas. (Viagem Pitoresca através do Brasil. Martins Ed. São Paulo, 1949).",87.0,3/25,"B/P 18,0 x 24,0 cm",Naturalistas - João Maurício Rugendas (1802-1858).,,,,17535
Cx.1;E.2/NT 61,"Naturalistas - João Maurício Rugendas (1802-1858). Costumes de São Paulo. (Viagem Pitoresca através do Brasil. Martins Ed. São Paulo, 1949).",86.0,2/25,"B/P 18,0 x 24,0 cm",Naturalistas - João Maurício Rugendas (1802-1858).,,,,17536
Cx.1;E.2/NT 60,"Naturalistas - João Maurício Rugendas (1802-1858). Costumes do Rio de Janeiro. (Viagem Pitoresca através do Brasil. Martins Ed. São Paulo, 1949).",85.0,1/25,"B/P 18,0 x 24,0 cm",Naturalistas - João Maurício Rugendas (1802-1858).,,,,17537
Cx.1;E.3/NT 92,"Naturalistas - Hercules Florence (1804-1879). Interior de uma cabana Mundurucu. (Viagem Fluvial do Tietê ao Amazonas de 1825 a 1829. Melhoramentos, São Paulo, 1948. p.328)",74.0,16/16,"B/P 18,0 x 24,0 cm",Naturalistas - Hercules Florence (1804-1879).,,,,17538
Cx.1;E.3/NT 91,"Naturalistas - Hercules Florence (1804-1879). Mulher e criança Mundurucus. (Viagem Fluvial do Tietê ao Amazonas de 1825 a 1829. Melhoramentos, São Paulo, 1948. p.312)",73.0,15/16,"B/P 18,0 x 24,0 cm",Naturalistas - Hercules Florence (1804-1879).,,,,17539
Cx.1;E.3/NT 90,"Naturalistas - Hercules Florence (1804-1879). Maloca dos Apiacás. (Viagem Fluvial do Tietê ao Amazonas de 1825 a 1829. Melhoramentos, São Paulo, 1948. p.279)",72.0,14/16,"B/P 18,0 x 24,0 cm",Naturalistas - Hercules Florence (1804-1879).,,,,17540
Cx.1;E.3/NT 89,"Naturalistas - Hercules Florence (1804-1879). Habitação dos Apiacás no Juruena. (Viagem Fluvial do Tietê ao Amazonas de 1825 a 1829. Melhoramentos, São Paulo, 1948. p.274)",71.0,13/16,"B/P 18,0 x 24,0 cm",Naturalistas - Hercules Florence (1804-1879).,,,,17541
Cx.1;E.3/NT 88,"Naturalistas - Hercules Florence (1804-1879). Mulheres Apiacás. (Viagem Fluvial do Tietê ao Amazonas de 1825 a 1829. Melhoramentos, São Paulo, 1948. p.271)",70.0,12/16,"B/P 18,0 x 24,0 cm",Naturalistas - Hercules Florence (1804-1879).,,,,17542
Cx.1;E.3/NT 87,"Naturalistas - Hercules Florence (1804-1879). Crianças Bororo. (Viagem Fluvial do Tietê ao Amazonas de 1825 a 1829. Melhoramentos, São Paulo, 1948. p.235)",69.0,11/16,"B/P 18,0 x 24,0 cm",Naturalistas - Hercules Florence (1804-1879).,,,,17543
Cx.1;E.3/NT 86,"Naturalistas - Hercules Florence (1804-1879). Mulheres Bororo com grande carga. (Viagem Fluvial do Tietê ao Amazonas de 1825 a 1829. Melhoramentos, São Paulo, 1948. p.235)",68.0,10/16,"B/P 18,0 x 24,0 cm",Naturalistas - Hercules Florence (1804-1879).,,,,17544
Cx.1;E.3/NT 85,"Naturalistas - Hercules Florence (1804-1879). Bororo e mulher. (Viagem Fluvial do Tietê ao Amazonas de 1825 a 1829. Melhoramentos, São Paulo, 1948. p.224)",67.0,9/16,"B/P 18,0 x 24,0 cm",Naturalistas - Hercules Florence (1804-1879).,,,,17545
Cx.1;E.3/NT 84,"Naturalistas - Hercules Florence (1804-1879). Dança dos Bororos na Fazenda Jacobina. (Viagem Fluvial do Tietê ao Amazonas de 1825 a 1829. Melhoramentos, São Paulo, 1948. p.223)",66.0,8/16,"B/P 18,0 x 24,0 cm",Naturalistas - Hercules Florence (1804-1879).,,,,17546
Cx.1;E.3/NT 83,"Naturalistas - Hercules Florence (1804-1879). Dança dos Bororos na Fazenda Jacobina. (Viagem Fluvial do Tietê ao Amazonas de 1825 a 1829. Melhoramentos, São Paulo, 1948. p.226) - c/duplicata.",65.0,7/16,"B/P 18,0 x 24,0 cm",Naturalistas - Hercules Florence (1804-1879).,,,,17547
Cx.1;E.3/NT 82,"Naturalistas - Hercules Florence (1804-1879). Índia Bororo com filho. (Viagem Fluvial do Tietê ao Amazonas de 1825 a 1829. Melhoramentos, São Paulo, 1948. p.218) - c/duplicata.",64.0,6/16,"B/P 18,0 x 24,0 cm",Naturalistas - Hercules Florence (1804-1879).,,,,17548
Cx.1;E.3/NT 81,"Naturalistas - Hercules Florence (1804-1879). Família de Guatós. (Viagem Fluvial do Tietê ao Amazonas de 1825 a 1829. Melhoramentos, São Paulo, 1948. p.157) - c/duplicata.",63.0,5/16,"B/P 18,0 x 24,0 cm",Naturalistas - Hercules Florence (1804-1879).,,,,17549
Cx.1;E.3/NT 80,"Naturalistas - Hercules Florence (1804-1879). Índios Guatós na confluência do Rio São Lourenço. (Viagem Fluvial do Tietê ao Amazonas de 1825 a 1829. Melhoramentos, São Paulo, 1948. p.155) (c/duplicata)",62.0,4/16,"B/P 18,0 x 24,0 cm",Naturalistas - Hercules Florence (1804-1879).,,,,17550
Cx.1;E.3/NT 79,"Naturalistas - Hercules Florence (1804-1879). Velho e menina Guató. (Viagem Fluvial do Tietê ao Amazonas de 1825 a 1829. Melhoramentos, São Paulo, 1948.  p.148)",61.0,3/16,"B/P 18,0 x 24,0 cm",Naturalistas - Hercules Florence (1804-1879).,,,,17551
Cx.1;E.3/NT 78,"Naturalistas - Hercules Florence (1804-1879). Mulheres e filhos Guatós em duas canoas. (Viagem Fluvial do Tietê ao Amazonas de 1825 a 1829. Melhoramentos, São Paulo, 1948.  p.143 ss.)",60.0,2/16,"B/P 18,0 x 24,0 cm",Naturalistas - Hercules Florence (1804-1879).,,,,17552
Cx.1;E.3/NT 77,"Naturalistas - Hercules Florence (1804-1879). Família Álvares Machado de Porto Feliz. (Viagem Fluvial do Tietê ao Amazonas de 1825 a 1829. Melhoramentos, São Paulo, 1948. p.64)",59.0,1/16,"B/P 18,0 x 24,0 cm",Naturalistas - Hercules Florence (1804-1879).,,,,17553
Cx.1;E.4/NT 99,Naturalistas - Karl von Martius (1794-1868). Dança dos Puris. (Martius I p.387),116.0,7/7,"B/P 18,0 x 24,0 cm",Naturalistas - Karl von Martius (1794-1868).,,,,17554
Cx.1;E.4/NT 98,"Naturalistas - Karl von Martius (1794-1868). Visita na maloca do Mura. (Martius, III vol. p.153)",115.0,6/7,"B/P 18,0 x 24,0 cm",Naturalistas - Karl von Martius (1794-1868).,,,,17555
Cx.1;E.4/NT 97,"Naturalistas - Karl von Martius (1794-1868). Clareira na floresta. (Martius, III vol. p.33)",114.0,5/7,"B/P 18,0 x 24,0 cm",Naturalistas - Karl von Martius (1794-1868).,,,,17556
Cx.1;E.5/NT 100,"Naturalistas. Therese, princesa da Baviera (1850-1825). Floresta Virgem Amazônica. (Meine Reise in den brasilinischen Tropen. Berlin, Dietrich Reimer, 1897. p.43).",117.0,1/6,"B/P 18,0 x 24,0 cm","Naturalistas - Therese, princesa da Baviera (1850-1925).",,,,17557
Cx.1;E.5/NT 101,"Naturalistas. Therese, princesa da Baviera (1850-1825). O Rio Amazonas  (Biard). (Meine Reise in den brasilinischen Tropen. Berlin, Dietrich Reimer, 1897. p.59). c/duplicata.",118.0,2/6,"B/P 18,0 x 24,0 cm","Naturalistas - Therese, princesa da Baviera (1850-1925).",,,,17558
Cx.1;E.5/NT 102,"Naturalistas. Therese, princesa da Baviera (1850-1925). (Meine Reise in den brasilinischen Tropen. Berlin, Dietrich Reimer, 1897.",119.0,3/6,"B/P 18,0 x 24,0 cm","Naturalistas - Therese, princesa da Baviera (1850-1925).",,,,17559
Cx.1;E.5/NT 103,"Naturalistas. Therese, princesa da Baviera (1850-1925). (Meine Reise in den brasilinischen Tropen. Berlin, Dietrich Reimer, 1897.",120.0,4/6,"B/P 18,0 x 24,0 cm","Naturalistas - Therese, princesa da Baviera (1850-1925).",,,,17560
Cx.1;E.4/NT 96,"Naturalistas - Karl von Martius (1794-1868). Vida abastada na Bahia - Jantar. (Martius, II vol. p.155)",113.0,4/7,"B/P 18,0 x 24,0 cm",Naturalistas - Karl von Martius (1794-1868).,,,,17561
Cx.1;E.4/NT 95,"Naturalistas - Karl von Martius (1794-1868). Vida abastada na Bahia - Cena de Rua. (Martius, II vol. p.155)",112.0,3/7,"B/P 18,0 x 24,0 cm",Naturalistas - Karl von Martius (1794-1868).,,,,17562
Cx.1;E.4/NT 94,"Naturalistas - Karl von Martius (1794-1868). Aldeia dos Coroados. (Martius, I vol. p.181)",111.0,2/7,"B/P 18,0 x 24,0 cm",Naturalistas - Karl von Martius (1794-1868).,,,,17563
Cx.1;E.4/NT 93,"Naturalistas - Karl von Martius (1794-1868). Mameluca com bócio exoftálmico - Cafuza. (Martius, I vol. p.157) c/duplicata.",110.0,1/7,"B/P 18,0 x 24,0 cm",Naturalistas - Karl von Martius (1794-1868).,,,,17564
Cx.1;E.5/NT 104,"Naturalistas. Therese, princesa da Baviera (1850-1925). Um igarapé. (Meine Reise in den brasilinischen Tropen. Berlin, Dietrich Reimer, 1897. p.175). c/duplicata.",121.0,5/6,"B/P 18,0 x 24,0 cm","Naturalistas - Therese, princesa da Baviera (1850-1925).",,,,17565
Cx.1;E.5/NT 105,"Naturalistas. Therese, princesa da Baviera (1850-1925). Floresta - província Amazônica (Meine Reise in den brasilinischen Tropen. Berlin, Dietrich Reimer, 1897. p.125).",122.0,6/6,"B/P 18,0 x 24,0 cm","Naturalistas - Therese, princesa da Baviera (1850-1925).",,,,17566
Cx.1;E.6/NT 106,"Naturalistas. Guido Boggiani (1861-1902). Floresta dos Etchate. (Os Caduveo. Martins Ed. São Paulo, 1948. p.224, fig. 95).",58.0,1,"B/P 18,0 x 24,0 cm",Naturalistas - Guido Boggiani (1861-1902).,,,,17567
P.29.25/NT 988-1013,"Departamento de História. Exposição ""República & Coisas do Povo"". Org. Prof. Dr. José Sebastião Witter.",10.0,26,"Col/9,0 x 13,0 cm",Departamento de História.,CAPH-USP,1989,CAPH,17568
P.19.15/NT 438,Homenagem Póstuma ao Prof. Carlos Alberto Vesentini - Depto. de História.,47.0,1,"BP/12,0 x 18,0 cm",Homenagens.,Anfiteatro de História/USP,1990,CAPH,17569
P.34.30/NT 1353-1379,Humanitas na Bienal do Livro/SP.,49.0,27,"Col/10,0 x 15,0 cm",Humanitas.,Bienal do Livro/SP,1996,,17570
P.31.35/NT 1425-1433,Humanitas. Evento Universidade e Profissões. Lançamento da Humanitas-Livraria.,48.0,9,"Col/10,0 x 15,0 cm",Humanitas.,Prédio de Geografia e História,1997,,17571
P.35.31/NT 1434-1443,Humanitas na Bienal do Livro/SP.,50.0,10,"Col/10,0 x 15,0 cm",Humanitas.,Bienal do Livro/SP,1998,,17572
P.29.25/NT 964,Instituto de Estudos Brasileiros - IEB. Curso de Férias (II) sobre Cultura Brasileira.,57.0,1,"BP/18,0 x 24,0 cm",Instituto de Estudos Brasileiros - IEB.,IEB,1973,,17573
P.9.5/NT 146-158,"Inaugurações. Sessão solene de inauguração do quadro do Prof. Rui Galvão de Andrada Coelho na Galeria dos Diretores da Faculdade de Filosofia, no Salão Nobre.",52.0,13,"Col/9,0 x 12,5 cm",Inaugurações.,Salão Nobre da FFLCH/USP,1986,CAPH,17574
P.18.14/NT 417-423; P.19.15/NT 424-428,"Inaugurações. Sessão solene de inauguração do quadro do Prof. João Alexandre Barbosa na Galeria dos Diretores da Faculdade de Filosofia, no Salão Nobre. (Obs.: falta foto nº 7).",53.0,12,"Col/10,0 x 15,0 cm",Inaugurações.,Salão Nobre da FFLCH/USP,1992,CAPH,17575
P.20.16/NT 502-504; P.21.17/NT 505-535,"Inaugurações. Sessão solene de inauguração do quadro do Prof. João Baptista Borges Pereira na Galeria dos Diretores da Faculdade de Filosofia, no Salão Nobre.",54.0,34,"Col/9,0 x 13,0 cm",Inaugurações.,Salão Nobre da FFLCH/USP,1990,CAPH,17576
P.10.6/NT 160-179,Inaugurações. Sessão solene de inauguração do Centro de Informática da FFLCH-USP.,55.0,20,"Col/9,0 x 13,0 cm",Inaugurações.,Salão Nobre da FFLCH/USP e Centro de Informática,1987,CAPH,17577
P.25.21/NT 764-766; P.26.22/NT 767-827,"Inauguração da Biblioteca Central da FFLCH-USP, no Departamento de Letras.",51.0,64,"Col/9,0 x 13,0 cm",Inaugurações.,Departamento de Letras/USP,1991,CAPH,17578
P.30.34/NT 1380-1383; P.31.35/NT 1384-1424,Inaugurações. Sessão solene de inauguração da Humanitas-Livraria.,56.0,45,"Col/10,0 x 15,0 cm",Inaugurações.,Prédio da Administração FFLCH/USP,1997,CAPH,17579
P.12.8/NT 240-248; P.13.9/NT 249-273,Posse. Sessão Solene da Posse do Prof. Dr. José Sebastião Witter como Diretor do CAPH.,123.0,34,"Col/9,0 x 13,0 cm",Posse.,Departamento de História/USP,1989,CAPH,17580
P.19.15/ NT 429-437,Aula Inaugural. Depto. de Geografia. Professores: Vicenzo Raffaele Bochicchio e José Pereira de Queiroz. Local: Anfiteatro da Geografia (Prédio de Geografia e História - FFFLCH-USP).,3.0,9,"Col/9 x 12,5 cm",Aula Inaugural.,São Paulo/Anfiteatro Geografia,1990,CAPH,17581
P.28.24/NT 927-939,Aula Inaugural. Curso de Iídiche.,2.0,13,"Col/9 x 12,5 cm",Aula Inaugural.,São Paulo/Anfiteatro Geografia,1992,CAPH,17582
P.36.32/NT 1464 a 1473,Professor Emérito. Concessão do Título de Professor Emérito a João Baptista Borges Pereira pela Congregação da Faculdade de Filosofia.,131.0,10,Col/10 x 15 cm,Professor Emérito.,São Paulo/Salão Nobre- FFLCH,22/03/2001,CAPH,17583
P.36.32/NT 1444 a 1463,"Professor Emérito. Concessão do Título de Professor Emérito a José Aderaldo Castello _x000d_
pela Congregação da Faculdade de Filosofia.",132.0,23,Col/10 x 15 cm,Professor Emérito.,São Paulo/Salão Nobre- FFLCH,26/04/2001,CAPH,17584
P.7.3/NT 84-107 - P. 8.4/NT 108-117,Professor Emérito. Concessão do Título de Professor Emérito a Florestan Fernandes pela Congregação da Faculdade de Filosofia.,128.0,34,"Col/9 x 12,5 cm",Professor Emérito.,São Paulo/Salão Nobre- FFLCH,1986,CAPH,17585
P.8.4/NT 118-136 - P. 9.5/NT 137-145,Professor Emérito. Concessão do Título de Professor Emérito a Isaac Nicolau Salum pela Congregação da Faculdade de Filosofia.,130.0,28,"Col/9 x 12,5 cm",Professor Emérito.,São Paulo/Salão Nobre- FFLCH,1985,CAPH,17586
P.16.12/NT 339-361 - P.17.13/NT 362-368,Professor Emérito. Concessão do Título de Professor Emérito a Fernando Henrique Cardoso pela Congregação da Faculdade de Filosofia.,127.0,30,"Col/9 x 12,5 cm",Professor Emérito.,São Paulo/Salão Nobre- FFLCH,1992,CAPH,17587
P.18.14/NT 392-416,Professor Emérito. Concessão do Título de Professor Emérito a Eduardo d'Oliveira França pela Congregação da Faculdade de Filosofia.,125.0,25,"Col/9 x 12,5 cm",Professor Emérito.,São Paulo/Salão Nobre- FFLCH,1994,CAPH,17588
"P.31.27/NT 1205,1206 - 32.28/NT 1207-1235",Professor Emérito. Concessão do Título de Professor Emérito a Bento Prado de Almeida Ferraz Júnior pela Congregação da Faculdade de Filosofia.,124.0,31,Col/10 x 15 cm,Professor Emérito.,São Paulo/Salão Nobre- FFLCH,1998,CAPH,17589
P.33.29/NT 1303-1332,Professor Emérito. Concessão do Título de Professor Emérito à Gilda de Mello e Souza  pela Congregação da Faculdade de Filosofia.,129.0,30,Col/10 x 15 cm,Professor Emérito.,São Paulo/Salão Nobre- FFLCH,1999,CAPH,17590
P.33.29/NT 1333-1335 - P. 34.40/NT 1336-1352,Professor Emérito. Concessão do Título de Professor Emérito à Emília Viotti da Costa pela Congregação da Faculdade de Filosofia.,126.0,21,Col/10 x 15 cm,Professor Emérito.,São Paulo/Salão Nobre- FFLCH,1999,"Col/9 x 12,5 cm",17591
P.10.6/NT 180-188; P.11.7/NT 189-218; P.12.8/NT 219-239,Encontro/Congresso. Encontro (XII) de Professores Universitários Brasileiros de Literatura Portuguesa e Congresso (IV) Internacional de Estudos Pessoanos.,16.0,59,"Col/9,0 x 12,5 cm",Encontro/Congresso,Anfiteatro de Convenções/USP,1988,CAPH,17592
P.28.24//NT 940-963,Convênio Projeto Professor Rosenski.,5.0,24,"Col/9,0 x 12,5 cm",Convênio.,São Paulo/Salão Nobre- FFLCH,1992,CAPH,17593
P.6.2/NT 51-53,Departamento de Geografia. Exposição sobre a Juréia.,7.0,3,"Col/9,0 x 12,5 cm",Departamento de Geografia.,Biblioteca do Depto.Geografia/USP,1986,CAPH,17594
P.6.2/NT 54-83,Departamento de Geografia. Aposentadoria do Prof. José Ribeiro de Araújo Filho (Festa).,8.0,30,"Col/9,0 x 12,5 cm",Departamento de Geografia.,Departamento de Geografia/USP,1986,CAPH,17595
P.29.25/NT 1014-1016,Departamento de Geografia. Comemoração do Natal (Festa).,9.0,3,"Col/10,0 x 15,0 cm",Departamento de Geografia.,Departamento de Geografia/USP,1989,CAPH,17596
P.29.25/NT 965-987,Departamento de História. Debate dos Reitoráveis.,11.0,23,"Col/9,0 x 13,0 cm",Departamento de História.,Anfiteatro de História/USP,1989,CAPH,17597
P.31.27/NT 11.81,Departamento de História. Vista lateral do Prédio da Geografia e História - Cidade Universitária-USP.,12.0,1,"Col/10,0 x 15,0 cm",Departamento de História.,Prédio de Geografia e História,,CAPH,17598
P.32.28/NT 1273-1283; P.33.29/NT 1284-1302,Departamento de História. Confraternização de Natal (Almoço).,13.0,30,"Col/10,0 x 15,0 cm",Departamento de História.,Departamento de História/USP,1998,CAPH,17599
P.22.18/NT 567-581; P.23.19/NT 582-622,"Departamento de História. Exposição ""Cristovão Colombo, o Genovês"". Patrocínio: Instituto Italiano de Cultura/FFLCH-USP.",14.0,62,"Col/9,0 x 13,0 cm",Departamento de História.,CAPH-USP,1990,CAPH,17600
116,"Departamento de História. Exposição ""Futebol em Branco e Preto"". Org. Prof. Dr. José Sebastião Witter. (Obs.: 13 painéis com: 60 fotos 18,0 x 24,0 cm; 7 fotos 24,0 x 30,0 cm; 1 foto 22,0 x 40,0 cm; 1 foto 30,0 x 38,0 cm).",15.0,69,BP,Departamento de História.,CAPH-USP,1990,CAPH,17601
P.37.33/NT 1474-1527,Sessão Solene. Álbum de fotos da Cerimônia de Colação de Grau dos Formandos de 1998 do Curso de Letras da FFLCH/USP,207.0,54,"Col/24,5 x 20,5",Sessão Solene,São Paulo,1998,Pavan Nagae Associados,17602
Cx.1; NT 119.1-119.8,Exposição. Imagens da Revolução Húngara - 1956.,17.0,9/37,"BP/29,5 x 39,0 cm",Exposição.,CAPH-USP,,,17603
Cx.2; NT 119.9 -119.16,Exposição. Imagens da Revolução Húngara - 1956.,18.0,8/37,"BP/29,5 x 39,0 cm",Exposição.,CAPH-USP,,,17604
Cx.3; NT 119.17-119.24,Exposição. Imagens da Revolução Húngara - 1956.,19.0,8/37,"BP/29,5 x 39,0 cm",Exposição.,CAPH-USP,,,17605
Cx.4; NT 119.25-119.32,Exposição. Imagens da Revolução Húngara - 1956.,20.0,8/37,"BP/29,5 x 39,0 cm",Exposição.,CAPH-USP,,,17606
Cx.5; NT 119.33-119.37,Exposição. Imagens da Revolução Húngara - 1956.,21.0,5/37,"BP/29,5 x 39,0 cm",Exposição.,CAPH-USP,,,17607
118.1,"Exposição. Vila Madalena - os espaços da memória. Escadaria de uma casa, Rua Fradique Coutinho. Foto 1980. (Acompanha 1 fita cassete e Catálogo da Exposição)",22.0,1/25,"B/P 22,0 x 30,0 cm",Exposição.,CAPH-USP,01-30/04/1986,Eduardo José Afonso,17608
118.2,"Exposição. Vila Madalena - os espaços da memória. Casa, Rua Fradique Coutinho. Foto 1980.  Acompanha 1 fita cassete e Catálogo da Exposição)",23.0,2/25,"B/P 22,0 x 30,0 cm",Exposição.,CAPH-USP,01-30/04/1986,Eduardo José Afonso,17609
118.3,"Exposição. Vila Madalena - os espaços da memória. Casa, Rua Fradique Coutinho. Foto 1980. (Acompanha 1 fita cassete e Catálogo da Exposição)",24.0,3/25,"B/P 22,0 x 30,0 cm",Exposição.,CAPH-USP,01-30/04/1986,Eduardo José Afonso,17610
118.4,"Exposição. Vila Madalena - os espaços da memória. Máquina registradora, mercearia do Militão, Rua Fidalga. Foto 1980. (Acompanha 1 fita cassete e Catálogo da Exposição)",25.0,4/25,"B/P 22,0 x 30,0 cm",Exposição.,CAPH-USP,01-30/04/1986,Eduardo José Afonso,17611
118.5,"Exposição. Vila Madalena - os espaços da memória. Mercearia do Militão, Rua Fidalga. Foto 1980. (Acompanha 1 fita cassete e Catálogo da Exposição)",26.0,5/25,"B/P 22,0 x 30,0 cm",Exposição.,CAPH-USP,01-30/04/1986,Eduardo José Afonso,17612
118.6,"Exposição. Vila Madalena - os espaços da memória. Casa antiga na Vila Madalena, Rua Fidalga. Foto 1980. (Acompanha 1 fita cassete e Catálogo da Exposição)",27.0,6/25,"B/P 22,0 x 30,0 cm",Exposição.,CAPH-USP,01-30/04/1986,Eduardo José Afonso,17613
118.7,"Exposição. Vila Madalena - os espaços da memória. Antigo escadão da Rodésia, Rua Rodésia/Fidalga. Foto 1980. (Acompanha 1 fita cassete e Catálogo da Exposição)",28.0,7/25,"B/P 22,0 x 30,0 cm",Exposição.,CAPH-USP,01-30/04/1986,Eduardo José Afonso,17614
118.8,"Exposição. Vila Madalena - os espaços da memória. Colégio Maximiliano, Rua Jericó. Foto 1980. (Acompanha 1 fita cassete e Catálogo da Exposição)",29.0,8/25,"B/P 22,0 x 30,0 cm",Exposição.,CAPH-USP,01-30/04/1986,Eduardo José Afonso,17615
118.9,"Exposição. Vila Madalena - os espaços da memória. Um dos primeiros bares da Vila Madalena, Rua Purpurina. Foto 1980. (Acompanha 1 fita cassete e Catálogo da Exposição)",30.0,9/25,"B/P 22,0 x 30,0 cm",Exposição.,CAPH-USP,01-30/04/1986,Eduardo José Afonso,17616
118.10,"Exposição. Vila Madalena - os espaços da memória. Sobrado típico de família portuguesa (casa em cima, negócio embaixo), Rua Purpurina. Foto 1980. (Acompanha 1 fita cassete e Catálogo da Exposição)",31.0,10/25,"B/P 22,0 x 30,0 cm",Exposição.,CAPH-USP,01-30/04/1986,Eduardo José Afonso,17617
118.11,"Exposição. Vila Madalena - os espaços da memória. Sr. Algozo (um dos primeiros moradores da Vila Madalena), Rua Girassol. Foto 1980. (Acompanha 1 fita cassete e Catálogo da Exposição)",32.0,11/25,"B/P 22,0 x 30,0 cm",Exposição.,CAPH-USP,01-30/04/1986,Eduardo José Afonso,17618
118.12,"Exposição. Vila Madalena - os espaços da memória. Sr. Emilio, o garrafeiro da Vila Madalena, Rua Morás. Foto 1980. (Acompanha 1 fita cassete e Catálogo da Exposição)",33.0,12/25,"B/P 22,0 x 30,0 cm",Exposição.,CAPH-USP,01-30/04/1986,Eduardo José Afonso,17619
118.13,Exposição. Vila Madalena - os espaços da memória. Vista do conjunto residencial de Vila Madalena. Foto tomada da Rua Fidalga. Foto 1980. (Acompanha 1 fita cassete e Catálogo da Exposição),34.0,13/25,"B/P 22,0 x 30,0 cm",Exposição.,CAPH-USP,01-30/04/1986,Eduardo José Afonso,17620
118.14,"Exposição. Vila Madalena - os espaços da memória. Foto tomada da Rua Fidalga, mostrando para da Vila Madalena e Vila Beatriz. Foto 1980. (Acompanha 1 fita cassete e Catálogo da Exposição)",35.0,14/25,"B/P 22,0 x 30,0 cm",Exposição.,CAPH-USP,01-30/04/1986,Eduardo José Afonso,17621
118.15,Exposição. Vila Madalena - os espaços da memória. Quintal de uma casa na Rua Fidalga/Rua Rodésia. Foto 1980. (Acompanha 1 fita cassete e Catálogo da Exposição),36.0,15/25,"B/P 22,0 x 30,0 cm",Exposição.,CAPH-USP,01-30/04/1986,Eduardo José Afonso,17622
118.16,"Exposição. Vila Madalena - os espaços da memória. Padaria Torino (já não existe mais) antiga Padaria Brilhante, Rua Purpurina. Foto 1980. (Acompanha 1 fita cassete e Catálogo da Exposição)",37.0,16/25,"B/P 22,0 x 30,0 cm",Exposição.,CAPH-USP,01-30/04/1986,Eduardo José Afonso,17623
118.17,Exposição. Vila Madalena - os espaços da memória. Rua Arapiraca. Foto 1980. (Acompanha 1 fita cassete e Catálogo da Exposição),38.0,17/25,"B/P 22,0 x 30,0 cm",Exposição.,CAPH-USP,01-30/04/1986,Eduardo José Afonso,17624
118.18,"Exposição. Vila Madalena - os espaços da memória. Casa de D.Maria, Rua Girassol. Foto 1980. (Acompanha 1 fita cassete e Catálogo da Exposição)",39.0,19/25,"B/P 22,0 x 30,0 cm",Exposição.,CAPH-USP,01-30/04/1986,Eduardo José Afonso,17625
118.19,"Exposição. Vila Madalena - os espaços da memória. Casa do sr. Lino (muito antiga), Rua Delfina. Foto 1980. (Acompanha 1 fita cassete e Catálogo da Exposição)",40.0,20/25,"B/P 22,0 x 30,0 cm",Exposição.,CAPH-USP,01-30/04/1986,Eduardo José Afonso,17626
118.20,Exposição. Vila Madalena - os espaços da memória. Esquina da Rua Fradique Coutinho com Purpurina. Foto 1980. (Acompanha 1 fita cassete e Catálogo da Exposição),41.0,21/25,"B/P 22,0 x 30,0 cm",Exposição.,CAPH-USP,01-30/04/1986,Eduardo José Afonso,17627
118.21,"Exposição. Vila Madalena - os espaços da memória. Casa antiga da Vila madalena, Rua Purpurina. Foto 1980. (Acompanha 1 fita cassete e Catálogo da Exposição)",42.0,22/25,"B/P 22,0 x 30,0 cm",Exposição.,CAPH-USP,01-30/04/1986,Eduardo José Afonso,17628
118.22,Exposição. Vila Madalena - os espaços da memória. Casa na Rua Fradique Coutinho. Foto 1980. (Acompanha 1 fita cassete e Catálogo da Exposição),43.0,23/25,"B/P 22,0 x 30,0 cm",Exposição.,CAPH-USP,01-30/04/1986,Eduardo José Afonso,17629
118.23,"Exposição. Vila Madalena - os espaços da memória. Vauxhall, antigo carro inglês na garagem de uma casa na Vila Madalena. Rua Fidalga. Foto 1980. (Acompanha 1 fita cassete e Catálogo da Exposição)",44.0,24/25,"B/P 22,0 x 30,0 cm",Exposição.,CAPH-USP,01-30/04/1986,Eduardo José Afonso,17630
118.24,Exposição. Vila Madalena - os espaços da memória. Trecho da Rua Purpurina uma das únicas em paralelepipedo ainda existentes na Vila Madalena. Foto 1980. (Acompanha 1 fita cassete e Catálogo da Exposição),45.0,25/25,"B/P 22,0 x 30,0 cm",Exposição.,CAPH-USP,01-30/04/1986,Eduardo José Afonso,17631
118.25,Exposição. Vila Madalena - os espaços da memória. Travessa da Rua Arapiraca. Foto 1980. (Acompanha 1 fita cassete e Catálogo da Exposição),46.0,26/25,"B/P 22,0 x 30,0 cm",Exposição.,CAPH-USP,01-30/04/1986,Eduardo José Afonso,17632
73.1,"Coleção Especial: Heitor Ventura da Silva - Documentação Particular. Fotografia do Levante do Forte de Copacabana: 1) Capitão Euclydes Hermes (ex-comandante do Forte); 2) Explosão de uma granada contra o Forte revoltado; 3) Os tenentes Eduardo Gomes, Siqueira Campos e Newton Prado, o Dr. Octávio Correia e soldados da guarnição, quando abandonaram o Forte de Copacabana.",4.0,1,PB/26 x 20 cm,Coleção Especial: Heitor Ventura da Silva - Documentação Particular,Rio de Janeiro/RJ,05/07/1922,,17633
51,Coleções Especiais - P. Kehr. Zur Geschichte Otto's III. p.383-443.,,,Impresso,Coleções Especiais - P. Kehr.,,Século XIX,,17634
11,Coleções Especiais - Carta de Pero Vaz de Caminha. Ilha de Vera Cruz. 1º de março de 1500. 27 p. (Curso de Paleografia - Depto. História/USP).,,,Manuscrito,Coleções Especiais - Carta de Pero Vaz de Caminha.,,1500,,17635
4,Coleções Especiais - Documentos Coloniais de São Paulo. Procedências: Ministério da Colônias - Arquivo Histórico Colonial. Ministério de Ultramar - Arquivo Histórico Ultramarino.,,,Manuscrito,Coleções Especiais - Documentos Coloniais de São Paulo.,,1651-1803,,17636
13,Coleções Especiais - Documentos do século XVIII. Procedência: Departamento do Arquivo do Estado de São Paulo - DAESP.,,,Manuscrito,Coleções Especiais - Documentos do século XVIII.,,Século XVIII,,17637
12,"Coleções Especiais - Livro de escritura de escravos. Procedência: 1º Tabelião de Notas da Comarca de Blumenau, Santa Catarina.",,,Manuscrito,Coleções Especiais - Livro de escritura de escravos.,,1867,,17638
41,Coleções Especiais - Andre F. Thevet. Singularidades da França Antártica a que outros chamam América.,,,Manuscrito,Coleções Especiais - Andre F. Thevet.,,1555,,17639
35,"Coleções Especiais - Jornais de Pernambuco (Biblioteca Nacional, RJ). O Argos Olindense - 1838; O Artilheiro - 1842-43; O Liberal - 1847; O Lidador - 1845-48. Caixa 2.",,,Impresso,Coleções Especiais - Jornais de Pernambuco.,,1838-1846,,17640
36,"Coleções Especiais - The Life and Correspondence of Robert Southey. Ed. by his son the Rev. Charles C. Southey, M. A. in six volumes. London, Longman, Brown, Green and Logmans, Paternoster-Row. Vol. I-II.",,,Impresso,Coleções Especiais - Robert Southey.,,1850,,17641
37,"Coleções Especiais - The Life and Correspondence of Robert Southey. Ed. by his son the Rev. Charles C. Southey, M. A. in six volumes. London, Longman, Brown, Green and Logmans, Paternoster-Row. Vol. III-AI.",,,Impresso,Coleções Especiais - Robert Southey.,,1850,,17642
38,"Coleções Especiais - The Life and Correspondence of Robert Southey. Ed. by his son the Rev. Charles C. Southey, M. A. in six volumes. London, Longman, Brown, Green and Logmans, Paternoster-Row. Vol. III-B.",,,Impresso,Coleções Especiais - Robert Southey.,,1850,,17643
39,"Coleções Especiais - The Life and Correspondence of Robert Southey. Ed. by his son the Rev. Charles C. Southey, M. A. in six volumes. London, Longman, Brown, Green and Logmans, Paternoster-Row. Vol. IV.",,,Impresso,Coleções Especiais - Robert Southey.,,1850,,17644
40,"Coleções Especiais - The Life and Correspondence of Robert Southey. Ed. by his son the Rev. Charles C. Southey, M. A. in six volumes. London, Longman, Brown, Green and Logmans, Paternoster-Row. Vol. V-VI. (Há em microfilmes o restante da Southeyana).",,,Impresso,Coleções Especiais - Robert Southey.,,1850,,17645
50,"Coleções Especiais - Paul Merket. Igreja e Estado no tempo dos Ottons. Aula Inaugural na Faculdade de Filosofia da Universidade de Breslau. Carnegie Institut of Washington. Cap. 2 e 3. Breslau, Buchdruckerei H. Fleischmann.",,,Impresso,Coleções Especiais - Paul Merket.,,1905,,17646
9,Coleções Especiais - Evangelho armênio. Section Orientale de l'Institut de Recherche et d'Histoire des Textes du Centre National de la Recherche Scientifique.,,,Impresso,Coleções Especiais - Evangelho armênio.,,,,17647
49,Coleções Especiais - Edgar  Fleig  -  Manuscritos ... e  Estudos Históricos da História da Igreja de São Pedro na Floresta Negra. Aula Inaugural do doutorado em filosofia da Universidade de Alberto-Ludwig para Freiburg em Breslau. Inst. Carnegie de Washington. 154 p.,,,Impresso,Coleções Especiais - Edgar Fleig.,,1908,,17648
34,"Coleções Especiais - Jornais de Pernambuco (Biblioteca Nacional, RJ). O Cidadão - 1853-54; O Paladim - 1851-54; O Echo Pernambucano - 1851-52; A Revolução de Novembro - 1850-51; A União - 1852; O Diário Novo - 1846-48; A Voz do Brasil - 1847-48; A Barca de São Pedro - 1848. Caixa 1.",,,Impresso,Coleções Especiais - Jornais de Pernambuco.,,1846-1854,,17649
